query_id,split,domain,query_type,difficulty,question,expected_table_ids,method,first_relevant_rank,hit_at_1,hit_at_3,hit_at_5,top_5_table_ids,top_5_scores
q001,dev,healthcare,lexical,easy,Which hospital and diagnosis group recorded the most admissions in each report month?,tbl_001,BM25,1,1,1,1,tbl_001;tbl_005;tbl_008;tbl_003;tbl_009,1.00000000;0.34433651;0.33179961;0.31543250;0.29099006
q001,dev,healthcare,lexical,easy,Which hospital and diagnosis group recorded the most admissions in each report month?,tbl_001,Dense,1,1,1,1,tbl_001;tbl_005;tbl_009;tbl_006;tbl_003,1.00000000;0.71629519;0.71502100;0.67485085;0.65805887
q001,dev,healthcare,lexical,easy,Which hospital and diagnosis group recorded the most admissions in each report month?,tbl_001,RRF,1,1,1,1,tbl_001;tbl_005;tbl_009;tbl_008;tbl_003,0.03278689;0.03225806;0.03125763;0.03102453;0.03100962
q001,dev,healthcare,lexical,easy,Which hospital and diagnosis group recorded the most admissions in each report month?,tbl_001,Weighted a=0.8,1,1,1,1,tbl_001;tbl_005;tbl_009;tbl_003;tbl_006,1.00000000;0.64190345;0.63021481;0.58953359;0.58943288
q004,dev,healthcare,semantic,medium,Which facilities experienced the longest delays before emergency patients were seen?,tbl_002,BM25,1,1,1,1,tbl_002;tbl_007;tbl_003;tbl_004;tbl_001,1.00000000;0.88631941;0.59083101;0.57646403;0.04767354
q004,dev,healthcare,semantic,medium,Which facilities experienced the longest delays before emergency patients were seen?,tbl_002,Dense,1,1,1,1,tbl_002;tbl_007;tbl_006;tbl_008;tbl_001,1.00000000;0.85618793;0.67690274;0.63630024;0.63626382
q004,dev,healthcare,semantic,medium,Which facilities experienced the longest delays before emergency patients were seen?,tbl_002,RRF,1,1,1,1,tbl_002;tbl_007;tbl_001;tbl_012;tbl_003,0.03278689;0.03225806;0.03076923;0.03030303;0.03015873
q004,dev,healthcare,semantic,medium,Which facilities experienced the longest delays before emergency patients were seen?,tbl_002,Weighted a=0.8,1,1,1,1,tbl_002;tbl_007;tbl_003;tbl_006;tbl_004,1.00000000;0.86221423;0.56352748;0.54152219;0.53163577
q005,dev,healthcare,lexical,easy,Which hospital departments had the highest bed occupancy percentage by month?,tbl_003,BM25,1,1,1,1,tbl_003;tbl_001;tbl_006;tbl_002;tbl_008,1.00000000;0.38900242;0.37176766;0.37133261;0.36771835
q005,dev,healthcare,lexical,easy,Which hospital departments had the highest bed occupancy percentage by month?,tbl_003,Dense,1,1,1,1,tbl_003;tbl_001;tbl_005;tbl_046;tbl_006,1.00000000;0.67427871;0.61632269;0.60634468;0.58932173
q005,dev,healthcare,lexical,easy,Which hospital departments had the highest bed occupancy percentage by month?,tbl_003,RRF,1,1,1,1,tbl_003;tbl_001;tbl_006;tbl_005;tbl_002,0.03278689;0.03225806;0.03125763;0.03079839;0.03055037
q005,dev,healthcare,lexical,easy,Which hospital departments had the highest bed occupancy percentage by month?,tbl_003,Weighted a=0.8,1,1,1,1,tbl_003;tbl_001;tbl_005;tbl_006;tbl_046,1.00000000;0.61722345;0.55424835;0.54581091;0.54457711
q008,dev,healthcare,semantic,medium,Which clinical units appear most understaffed or dependent on overtime?,tbl_004,BM25,1,1,1,1,tbl_004;tbl_041,1.00000000;0.00000000
q008,dev,healthcare,semantic,medium,Which clinical units appear most understaffed or dependent on overtime?,tbl_004,Dense,1,1,1,1,tbl_004;tbl_002;tbl_003;tbl_005;tbl_006,1.00000000;0.84152223;0.81848845;0.75957815;0.74783896
q008,dev,healthcare,semantic,medium,Which clinical units appear most understaffed or dependent on overtime?,tbl_004,RRF,1,1,1,1,tbl_004;tbl_041;tbl_002;tbl_003;tbl_005,0.03278689;0.02633311;0.01612903;0.01587302;0.01562500
q008,dev,healthcare,semantic,medium,Which clinical units appear most understaffed or dependent on overtime?,tbl_004,Weighted a=0.8,1,1,1,1,tbl_004;tbl_002;tbl_003;tbl_005;tbl_006,1.00000000;0.67321778;0.65479076;0.60766252;0.59827117
q009,dev,healthcare,lexical,easy,Which hospitals and condition groups had the highest thirty-day readmission rates?,tbl_005,BM25,1,1,1,1,tbl_005;tbl_034;tbl_049;tbl_023;tbl_014,1.00000000;0.06655025;0.03959539;0.03438752;0.03308664
q009,dev,healthcare,lexical,easy,Which hospitals and condition groups had the highest thirty-day readmission rates?,tbl_005,Dense,1,1,1,1,tbl_005;tbl_001;tbl_009;tbl_002;tbl_006,1.00000000;0.77118806;0.71969384;0.65014778;0.64474806
q009,dev,healthcare,lexical,easy,Which hospitals and condition groups had the highest thirty-day readmission rates?,tbl_005,RRF,1,1,1,1,tbl_005;tbl_023;tbl_034;tbl_014;tbl_029,0.03278689;0.02844551;0.02775694;0.02757974;0.02675408
q009,dev,healthcare,lexical,easy,Which hospitals and condition groups had the highest thirty-day readmission rates?,tbl_005,Weighted a=0.8,1,1,1,1,tbl_005;tbl_001;tbl_009;tbl_002;tbl_006,1.00000000;0.61695045;0.57575507;0.52011822;0.51579845
q012,dev,healthcare,semantic,medium,Where were outpatient bookings least successfully converted into completed visits?,tbl_006,BM25,1,1,1,1,tbl_006;tbl_002;tbl_035;tbl_031,1.00000000;0.35852506;0.14727518;0.00000000
q012,dev,healthcare,semantic,medium,Where were outpatient bookings least successfully converted into completed visits?,tbl_006,Dense,1,1,1,1,tbl_006;tbl_001;tbl_046;tbl_005;tbl_008,1.00000000;0.79625029;0.68939471;0.67262121;0.65504940
q012,dev,healthcare,semantic,medium,Where were outpatient bookings least successfully converted into completed visits?,tbl_006,RRF,1,1,1,1,tbl_006;tbl_002;tbl_031;tbl_035;tbl_001,0.03278689;0.03062179;0.02828323;0.02821869;0.01612903
q012,dev,healthcare,semantic,medium,Where were outpatient bookings least successfully converted into completed visits?,tbl_006,Weighted a=0.8,1,1,1,1,tbl_006;tbl_001;tbl_002;tbl_046;tbl_005,1.00000000;0.63700023;0.55973071;0.55151577;0.53809697
q013,dev,healthcare,lexical,easy,Which service districts recorded the most ambulance and high-priority arrivals?,tbl_007,BM25,1,1,1,1,tbl_007;tbl_044;tbl_049;tbl_023;tbl_026,1.00000000;0.47506394;0.32229955;0.31511797;0.11324933
q013,dev,healthcare,lexical,easy,Which service districts recorded the most ambulance and high-priority arrivals?,tbl_007,Dense,1,1,1,1,tbl_007;tbl_002;tbl_012;tbl_013;tbl_006,1.00000000;0.71931147;0.68341314;0.49652514;0.48140370
q013,dev,healthcare,lexical,easy,Which service districts recorded the most ambulance and high-priority arrivals?,tbl_007,RRF,1,1,1,1,tbl_007;tbl_015;tbl_023;tbl_044;tbl_027,0.03278689;0.02848485;0.02812500;0.02803379;0.02800627
q013,dev,healthcare,lexical,easy,Which service districts recorded the most ambulance and high-priority arrivals?,tbl_007,Weighted a=0.8,1,1,1,1,tbl_007;tbl_002;tbl_012;tbl_013;tbl_006,1.00000000;0.57544918;0.54673051;0.39722011;0.38512296
q016,dev,healthcare,semantic,medium,Where were planned operations most frequently lost because of patient or capacity problems?,tbl_008,BM25,1,1,1,1,tbl_008;tbl_050;tbl_037;tbl_040;tbl_045,1.00000000;0.42026426;0.17379770;0.07034323;0.05195798
q016,dev,healthcare,semantic,medium,Where were planned operations most frequently lost because of patient or capacity problems?,tbl_008,Dense,1,1,1,1,tbl_008;tbl_002;tbl_006;tbl_007;tbl_003,1.00000000;0.94309261;0.87914487;0.83247410;0.80134851
q016,dev,healthcare,semantic,medium,Where were planned operations most frequently lost because of patient or capacity problems?,tbl_008,RRF,1,1,1,1,tbl_008;tbl_001;tbl_017;tbl_045;tbl_050,0.03278689;0.02963126;0.02651515;0.02548563;0.02547483
q016,dev,healthcare,semantic,medium,Where were planned operations most frequently lost because of patient or capacity problems?,tbl_008,Weighted a=0.8,1,1,1,1,tbl_008;tbl_002;tbl_006;tbl_007;tbl_003,1.00000000;0.75447409;0.70331590;0.66597928;0.64107881
q017,dev,healthcare,lexical,easy,"How many CT, MRI, and ultrasound examinations were performed at each hospital by quarter?",tbl_009,BM25,1,1,1,1,tbl_009;tbl_004;tbl_005;tbl_001;tbl_003,1.00000000;0.16342110;0.15049440;0.11971829;0.11956322
q017,dev,healthcare,lexical,easy,"How many CT, MRI, and ultrasound examinations were performed at each hospital by quarter?",tbl_009,Dense,1,1,1,1,tbl_009;tbl_005;tbl_001;tbl_006;tbl_003,1.00000000;0.84877768;0.80286526;0.70663981;0.68373336
q017,dev,healthcare,lexical,easy,"How many CT, MRI, and ultrasound examinations were performed at each hospital by quarter?",tbl_009,RRF,1,1,1,1,tbl_009;tbl_005;tbl_001;tbl_004;tbl_006,0.03278689;0.03200205;0.03149802;0.03128055;0.03077652
q017,dev,healthcare,lexical,easy,"How many CT, MRI, and ultrasound examinations were performed at each hospital by quarter?",tbl_009,Weighted a=0.8,1,1,1,1,tbl_009;tbl_005;tbl_001;tbl_006;tbl_003,1.00000000;0.70912102;0.66623587;0.58722832;0.57089933
q020,dev,public_safety,semantic,medium,Where did recorded offences have the weakest case-clearance performance?,tbl_010,BM25,,0,0,0,tbl_027;tbl_042;tbl_022;tbl_038,1.00000000;0.25460658;0.11653898;0.00000000
q020,dev,public_safety,semantic,medium,Where did recorded offences have the weakest case-clearance performance?,tbl_010,Dense,1,1,1,1,tbl_010;tbl_011;tbl_018;tbl_013;tbl_039,1.00000000;0.90563456;0.73553868;0.72035710;0.69459915
q020,dev,public_safety,semantic,medium,Where did recorded offences have the weakest case-clearance performance?,tbl_010,RRF,5,0,0,1,tbl_042;tbl_027;tbl_038;tbl_022;tbl_010,0.03083491;0.02703174;0.02649457;0.02577401;0.01639344
q020,dev,public_safety,semantic,medium,Where did recorded offences have the weakest case-clearance performance?,tbl_010,Weighted a=0.8,1,1,1,1,tbl_010;tbl_011;tbl_018;tbl_013;tbl_039,0.80000000;0.72450765;0.58843094;0.57628568;0.55567932
q021,dev,public_safety,lexical,easy,How many adult and juvenile arrests were recorded for each offence group and district?,tbl_011,BM25,1,1,1,1,tbl_011;tbl_014;tbl_017;tbl_018;tbl_015,1.00000000;0.22921875;0.20977420;0.20516105;0.19850446
q021,dev,public_safety,lexical,easy,How many adult and juvenile arrests were recorded for each offence group and district?,tbl_011,Dense,1,1,1,1,tbl_011;tbl_010;tbl_014;tbl_012;tbl_018,1.00000000;0.71167466;0.59106884;0.52197556;0.51737725
q021,dev,public_safety,lexical,easy,How many adult and juvenile arrests were recorded for each offence group and district?,tbl_011,RRF,1,1,1,1,tbl_011;tbl_014;tbl_010;tbl_017;tbl_018,0.03278689;0.03200205;0.03105441;0.03102453;0.03100962
q021,dev,public_safety,lexical,easy,How many adult and juvenile arrests were recorded for each offence group and district?,tbl_011,Weighted a=0.8,1,1,1,1,tbl_011;tbl_010;tbl_014;tbl_018;tbl_017,1.00000000;0.58659025;0.51869882;0.45493401;0.44916055
q024,dev,public_safety,semantic,medium,Which areas and urgency classes waited longest for emergency police attendance?,tbl_012,BM25,4,0,0,1,tbl_040;tbl_003;tbl_004;tbl_012;tbl_002,1.00000000;0.90197525;0.88362952;0.81190842;0.50503519
q024,dev,public_safety,semantic,medium,Which areas and urgency classes waited longest for emergency police attendance?,tbl_012,Dense,2,0,1,1,tbl_002;tbl_012;tbl_007;tbl_011;tbl_015,1.00000000;0.97603994;0.82323449;0.76075036;0.64412796
q024,dev,public_safety,semantic,medium,Which areas and urgency classes waited longest for emergency police attendance?,tbl_012,RRF,2,0,1,1,tbl_002;tbl_012;tbl_007;tbl_004;tbl_003,0.03177806;0.03175403;0.03102453;0.02920635;0.02894955
q024,dev,public_safety,semantic,medium,Which areas and urgency classes waited longest for emergency police attendance?,tbl_012,Weighted a=0.8,1,1,1,1,tbl_012;tbl_002;tbl_007;tbl_011;tbl_004,0.94321364;0.90100704;0.72232178;0.60860029;0.55157103
q025,dev,public_safety,lexical,easy,"Which areas recorded the most road accidents, injuries, and fatalities by severity?",tbl_013,BM25,1,1,1,1,tbl_013;tbl_018;tbl_021;tbl_025;tbl_055,1.00000000;0.30316572;0.25005292;0.20053921;0.18201212
q025,dev,public_safety,lexical,easy,"Which areas recorded the most road accidents, injuries, and fatalities by severity?",tbl_013,Dense,1,1,1,1,tbl_013;tbl_015;tbl_010;tbl_014;tbl_018,1.00000000;0.62368589;0.60541220;0.59372847;0.59269623
q025,dev,public_safety,lexical,easy,"Which areas recorded the most road accidents, injuries, and fatalities by severity?",tbl_013,RRF,1,1,1,1,tbl_013;tbl_018;tbl_021;tbl_014;tbl_055,0.03278689;0.03151365;0.03036577;0.02991071;0.02967033
q025,dev,public_safety,lexical,easy,"Which areas recorded the most road accidents, injuries, and fatalities by severity?",tbl_013,Weighted a=0.8,1,1,1,1,tbl_013;tbl_018;tbl_015;tbl_014;tbl_010,1.00000000;0.53479013;0.51272129;0.49382018;0.48466261
q028,dev,public_safety,semantic,medium,"Where was vehicle theft recovery weakest for cars, motorcycles, or commercial vehicles?",tbl_014,BM25,1,1,1,1,tbl_014;tbl_011;tbl_010;tbl_018,1.00000000;0.19096856;0.19091972;0.00000000
q028,dev,public_safety,semantic,medium,"Where was vehicle theft recovery weakest for cars, motorcycles, or commercial vehicles?",tbl_014,Dense,1,1,1,1,tbl_014;tbl_017;tbl_013;tbl_015;tbl_018,1.00000000;0.64005074;0.53888427;0.49840142;0.49216684
q028,dev,public_safety,semantic,medium,"Where was vehicle theft recovery weakest for cars, motorcycles, or commercial vehicles?",tbl_014,RRF,1,1,1,1,tbl_014;tbl_011;tbl_018;tbl_010;tbl_017,0.03278689;0.03128055;0.03100962;0.03079839;0.01612903
q028,dev,public_safety,semantic,medium,"Where was vehicle theft recovery weakest for cars, motorcycles, or commercial vehicles?",tbl_014,Weighted a=0.8,1,1,1,1,tbl_014;tbl_017;tbl_013;tbl_011;tbl_010,1.00000000;0.51204059;0.43110742;0.41667180;0.41048307
q029,dev,public_safety,lexical,easy,Which response areas had the most fire and rescue incidents and people rescued?,tbl_015,BM25,1,1,1,1,tbl_015;tbl_012;tbl_010;tbl_034;tbl_021,1.00000000;0.07984246;0.06857408;0.06248231;0.04634029
q029,dev,public_safety,lexical,easy,Which response areas had the most fire and rescue incidents and people rescued?,tbl_015,Dense,1,1,1,1,tbl_015;tbl_012;tbl_013;tbl_007;tbl_055,1.00000000;0.58293049;0.51964617;0.49697129;0.48939894
q029,dev,public_safety,lexical,easy,Which response areas had the most fire and rescue incidents and people rescued?,tbl_015,RRF,1,1,1,1,tbl_015;tbl_012;tbl_021;tbl_010;tbl_013,0.03278689;0.03225806;0.03030999;0.03015873;0.02920635
q029,dev,public_safety,lexical,easy,Which response areas had the most fire and rescue incidents and people rescued?,tbl_015,Weighted a=0.8,1,1,1,1,tbl_015;tbl_012;tbl_013;tbl_007;tbl_055,1.00000000;0.48231288;0.41661155;0.39757703;0.39151916
q032,dev,public_safety,semantic,medium,Where were nuisance reports least likely to be resolved within seven days?,tbl_016,BM25,1,1,1,1,tbl_016;tbl_033;tbl_043;tbl_017;tbl_014,1.00000000;0.58756584;0.46903317;0.45442252;0.33959155
q032,dev,public_safety,semantic,medium,Where were nuisance reports least likely to be resolved within seven days?,tbl_016,Dense,1,1,1,1,tbl_016;tbl_017;tbl_010;tbl_021;tbl_019,1.00000000;0.73914731;0.72678834;0.63515290;0.62157579
q032,dev,public_safety,semantic,medium,Where were nuisance reports least likely to be resolved within seven days?,tbl_016,RRF,1,1,1,1,tbl_016;tbl_017;tbl_014;tbl_025;tbl_019,0.03278689;0.03175403;0.03030999;0.02964427;0.02820513
q032,dev,public_safety,semantic,medium,Where were nuisance reports least likely to be resolved within seven days?,tbl_016,Weighted a=0.8,1,1,1,1,tbl_016;tbl_017;tbl_010;tbl_014;tbl_021,1.00000000;0.68220235;0.58143067;0.54364262;0.50812232
q033,dev,public_safety,lexical,easy,Which districts and property categories had the most lost or stolen property reports and recoveries?,tbl_017,BM25,1,1,1,1,tbl_017;tbl_014;tbl_015;tbl_037;tbl_034,1.00000000;0.68184326;0.29681988;0.11249004;0.09929033
q033,dev,public_safety,lexical,easy,Which districts and property categories had the most lost or stolen property reports and recoveries?,tbl_017,Dense,1,1,1,1,tbl_017;tbl_014;tbl_010;tbl_013;tbl_015,1.00000000;0.89511914;0.77249022;0.59857142;0.58899688
q033,dev,public_safety,lexical,easy,Which districts and property categories had the most lost or stolen property reports and recoveries?,tbl_017,RRF,1,1,1,1,tbl_017;tbl_014;tbl_015;tbl_034;tbl_018,0.03278689;0.03225806;0.03125763;0.02889813;0.02879039
q033,dev,public_safety,lexical,easy,Which districts and property categories had the most lost or stolen property reports and recoveries?,tbl_017,Weighted a=0.8,1,1,1,1,tbl_017;tbl_014;tbl_010;tbl_015;tbl_013,1.00000000;0.85246396;0.61799218;0.53056148;0.47885714
q036,dev,public_safety,semantic,medium,Where did roadside inspections produce the strongest enforcement outcomes?,tbl_018,BM25,1,1,1,1,tbl_018,1.00000000
q036,dev,public_safety,semantic,medium,Where did roadside inspections produce the strongest enforcement outcomes?,tbl_018,Dense,1,1,1,1,tbl_018;tbl_013;tbl_014;tbl_016;tbl_011,1.00000000;0.70312253;0.67612650;0.65332123;0.63240642
q036,dev,public_safety,semantic,medium,Where did roadside inspections produce the strongest enforcement outcomes?,tbl_018,RRF,1,1,1,1,tbl_018;tbl_013;tbl_014;tbl_016;tbl_011,0.03278689;0.01612903;0.01587302;0.01562500;0.01538462
q036,dev,public_safety,semantic,medium,Where did roadside inspections produce the strongest enforcement outcomes?,tbl_018,Weighted a=0.8,1,1,1,1,tbl_018;tbl_013;tbl_014;tbl_016;tbl_011,1.00000000;0.56249803;0.54090120;0.52265698;0.50592513
q037,dev,software_engineering,lexical,easy,"Which repositories opened and closed the most issues, and what backlog remained?",tbl_019,BM25,1,1,1,1,tbl_019;tbl_034;tbl_049;tbl_023;tbl_014,1.00000000;0.16649119;0.09905724;0.08602852;0.08277405
q037,dev,software_engineering,lexical,easy,"Which repositories opened and closed the most issues, and what backlog remained?",tbl_019,Dense,1,1,1,1,tbl_019;tbl_025;tbl_027;tbl_020;tbl_024,1.00000000;0.73896683;0.56477958;0.55703806;0.54650751
q037,dev,software_engineering,lexical,easy,"Which repositories opened and closed the most issues, and what backlog remained?",tbl_019,RRF,1,1,1,1,tbl_019;tbl_023;tbl_015;tbl_044;tbl_014,0.03278689;0.03033088;0.02816901;0.02797203;0.02788462
q037,dev,software_engineering,lexical,easy,"Which repositories opened and closed the most issues, and what backlog remained?",tbl_019,Weighted a=0.8,1,1,1,1,tbl_019;tbl_025;tbl_027;tbl_020;tbl_024,1.00000000;0.59117347;0.45182366;0.44563045;0.43720601
q040,dev,software_engineering,semantic,medium,Where was software delivery least reliable or slowest to reach production?,tbl_020,BM25,1,1,1,1,tbl_020;tbl_033;tbl_021;tbl_043;tbl_028,1.00000000;0.78035945;0.34656245;0.30362178;0.22319730
q040,dev,software_engineering,semantic,medium,Where was software delivery least reliable or slowest to reach production?,tbl_020,Dense,2,0,1,1,tbl_023;tbl_020;tbl_021;tbl_024;tbl_019,1.00000000;0.80018262;0.79702467;0.73875461;0.73088939
q040,dev,software_engineering,semantic,medium,Where was software delivery least reliable or slowest to reach production?,tbl_020,RRF,1,1,1,1,tbl_020;tbl_021;tbl_023;tbl_024;tbl_033,0.03252247;0.03174603;0.03047795;0.02991071;0.02964255
q040,dev,software_engineering,semantic,medium,Where was software delivery least reliable or slowest to reach production?,tbl_020,Weighted a=0.8,1,1,1,1,tbl_020;tbl_023;tbl_021;tbl_024;tbl_019,0.84014610;0.80953709;0.70693223;0.60059211;0.58527259
q041,dev,software_engineering,lexical,easy,Which applications had the most production incidents and repeat incidents by severity?,tbl_021,BM25,1,1,1,1,tbl_021;tbl_010;tbl_015;tbl_020;tbl_013,1.00000000;0.52979982;0.51257881;0.46057453;0.18976833
q041,dev,software_engineering,lexical,easy,Which applications had the most production incidents and repeat incidents by severity?,tbl_021,Dense,1,1,1,1,tbl_021;tbl_020;tbl_015;tbl_013;tbl_010,1.00000000;0.63232441;0.59629943;0.59264570;0.58798328
q041,dev,software_engineering,lexical,easy,Which applications had the most production incidents and repeat incidents by severity?,tbl_021,RRF,1,1,1,1,tbl_021;tbl_020;tbl_015;tbl_010;tbl_013,0.03278689;0.03175403;0.03174603;0.03151365;0.03100962
q041,dev,software_engineering,lexical,easy,Which applications had the most production incidents and repeat incidents by severity?,tbl_021,Weighted a=0.8,1,1,1,1,tbl_021;tbl_020;tbl_015;tbl_010;tbl_013,1.00000000;0.59797443;0.57955530;0.57634658;0.51207022
q044,dev,software_engineering,semantic,medium,Which teams experienced the slowest code-review flow or the most requested changes?,tbl_022,BM25,1,1,1,1,tbl_022,1.00000000
q044,dev,software_engineering,semantic,medium,Which teams experienced the slowest code-review flow or the most requested changes?,tbl_022,Dense,1,1,1,1,tbl_022;tbl_025;tbl_019;tbl_023;tbl_024,1.00000000;0.54045588;0.52772406;0.51396091;0.48820770
q044,dev,software_engineering,semantic,medium,Which teams experienced the slowest code-review flow or the most requested changes?,tbl_022,RRF,1,1,1,1,tbl_022;tbl_025;tbl_019;tbl_023;tbl_024,0.03278689;0.01612903;0.01587302;0.01562500;0.01538462
q044,dev,software_engineering,semantic,medium,Which teams experienced the slowest code-review flow or the most requested changes?,tbl_022,Weighted a=0.8,1,1,1,1,tbl_022;tbl_025;tbl_019;tbl_023;tbl_024,1.00000000;0.43236471;0.42217925;0.41116872;0.39056616
q045,dev,software_engineering,lexical,easy,"Which services had the highest availability, latency, error rate, and request volume by month?",tbl_023,BM25,1,1,1,1,tbl_023;tbl_035;tbl_034;tbl_016;tbl_014,1.00000000;0.46219619;0.29028981;0.19167628;0.14095460
q045,dev,software_engineering,lexical,easy,"Which services had the highest availability, latency, error rate, and request volume by month?",tbl_023,Dense,1,1,1,1,tbl_023;tbl_026;tbl_007;tbl_002;tbl_027,1.00000000;0.60273983;0.56077254;0.55803257;0.51609780
q045,dev,software_engineering,lexical,easy,"Which services had the highest availability, latency, error rate, and request volume by month?",tbl_023,RRF,1,1,1,1,tbl_023;tbl_016;tbl_026;tbl_008;tbl_034,0.03278689;0.02970951;0.02832415;0.02780974;0.02763772
q045,dev,software_engineering,lexical,easy,"Which services had the highest availability, latency, error rate, and request volume by month?",tbl_023,Weighted a=0.8,1,1,1,1,tbl_023;tbl_026;tbl_007;tbl_002;tbl_027,1.00000000;0.49196294;0.45432377;0.45176518;0.41619954
q048,dev,software_engineering,semantic,medium,Where were automated builds least reliable or most expensive in compute time?,tbl_024,BM25,1,1,1,1,tbl_024;tbl_026;tbl_030;tbl_045;tbl_033,1.00000000;0.99164240;0.97020070;0.92225282;0.92031836
q048,dev,software_engineering,semantic,medium,Where were automated builds least reliable or most expensive in compute time?,tbl_024,Dense,2,0,1,1,tbl_023;tbl_024;tbl_026;tbl_022;tbl_020,1.00000000;0.99385659;0.93359429;0.83401540;0.79292513
q048,dev,software_engineering,semantic,medium,Where were automated builds least reliable or most expensive in compute time?,tbl_024,RRF,1,1,1,1,tbl_024;tbl_026;tbl_020;tbl_033;tbl_032,0.03252247;0.03200205;0.03030999;0.02889813;0.02830941
q048,dev,software_engineering,semantic,medium,Where were automated builds least reliable or most expensive in compute time?,tbl_024,Weighted a=0.8,1,1,1,1,tbl_024;tbl_026;tbl_023;tbl_022;tbl_020,0.99508528;0.94520391;0.80000000;0.66721232;0.65082598
q049,dev,software_engineering,lexical,easy,"Which repositories had the most new, remediated, and open security findings by severity?",tbl_025,BM25,1,1,1,1,tbl_025;tbl_060;tbl_021;tbl_013;tbl_055,1.00000000;0.21635216;0.15152881;0.14337903;0.11029698
q049,dev,software_engineering,lexical,easy,"Which repositories had the most new, remediated, and open security findings by severity?",tbl_025,Dense,1,1,1,1,tbl_025;tbl_019;tbl_021;tbl_010;tbl_020,1.00000000;0.83054942;0.56021139;0.51368199;0.50048862
q049,dev,software_engineering,lexical,easy,"Which repositories had the most new, remediated, and open security findings by severity?",tbl_025,RRF,1,1,1,1,tbl_025;tbl_021;tbl_013;tbl_023;tbl_014,0.03278689;0.03174603;0.02932363;0.02919864;0.02817460
q049,dev,software_engineering,lexical,easy,"Which repositories had the most new, remediated, and open security findings by severity?",tbl_025,Weighted a=0.8,1,1,1,1,tbl_025;tbl_019;tbl_021;tbl_010;tbl_020,1.00000000;0.66443954;0.47847487;0.41114729;0.40039089
q052,dev,software_engineering,semantic,medium,Which services exceeded their cloud budgets or generated the highest infrastructure spending?,tbl_026,BM25,2,0,1,1,tbl_035;tbl_026;tbl_057,1.00000000;0.82102445;0.00000000
q052,dev,software_engineering,semantic,medium,Which services exceeded their cloud budgets or generated the highest infrastructure spending?,tbl_026,Dense,1,1,1,1,tbl_026;tbl_023;tbl_020;tbl_019;tbl_021,1.00000000;0.55509856;0.48262933;0.46382563;0.44244891
q052,dev,software_engineering,semantic,medium,Which services exceeded their cloud budgets or generated the highest infrastructure spending?,tbl_026,RRF,1,1,1,1,tbl_026;tbl_057;tbl_035;tbl_023;tbl_020,0.03252247;0.02976190;0.02649445;0.01612903;0.01587302
q052,dev,software_engineering,semantic,medium,Which services exceeded their cloud budgets or generated the highest infrastructure spending?,tbl_026,Weighted a=0.8,1,1,1,1,tbl_026;tbl_023;tbl_020;tbl_019;tbl_035,0.96420489;0.44407885;0.38610347;0.37106050;0.36305220
q053,dev,software_engineering,lexical,easy,Which product services created and resolved the most support tickets by category?,tbl_027,BM25,1,1,1,1,tbl_027;tbl_035;tbl_029;tbl_034;tbl_028,1.00000000;0.75735714;0.34918646;0.34487801;0.32229990
q053,dev,software_engineering,lexical,easy,Which product services created and resolved the most support tickets by category?,tbl_027,Dense,1,1,1,1,tbl_027;tbl_023;tbl_026;tbl_021;tbl_020,1.00000000;0.54653436;0.48135299;0.48070734;0.47893947
q053,dev,software_engineering,lexical,easy,Which product services created and resolved the most support tickets by category?,tbl_027,RRF,1,1,1,1,tbl_027;tbl_023;tbl_026;tbl_010;tbl_049,0.03278689;0.02946237;0.02763772;0.02759802;0.02759802
q053,dev,software_engineering,lexical,easy,Which product services created and resolved the most support tickets by category?,tbl_027,Weighted a=0.8,1,1,1,1,tbl_027;tbl_023;tbl_026;tbl_021;tbl_020,1.00000000;0.45152964;0.38670116;0.38481891;0.38315157
q056,dev,employment,semantic,medium,Where was hiring demand strongest for junior-friendly or remote roles?,tbl_028,BM25,2,0,1,1,tbl_034;tbl_028,1.00000000;0.00000000
q056,dev,employment,semantic,medium,Where was hiring demand strongest for junior-friendly or remote roles?,tbl_028,Dense,2,0,1,1,tbl_031;tbl_028;tbl_033;tbl_034;tbl_030,1.00000000;0.98018055;0.97849062;0.96771473;0.84623722
q056,dev,employment,semantic,medium,Where was hiring demand strongest for junior-friendly or remote roles?,tbl_028,RRF,1,1,1,1,tbl_028;tbl_034;tbl_031;tbl_033;tbl_030,0.03225806;0.03201844;0.01639344;0.01587302;0.01538462
q056,dev,employment,semantic,medium,Where was hiring demand strongest for junior-friendly or remote roles?,tbl_028,Weighted a=0.8,3,0,1,1,tbl_034;tbl_031;tbl_028;tbl_033;tbl_030,0.97417178;0.80000000;0.78414444;0.78279250;0.67698978
q057,dev,employment,lexical,easy,"What are the median, p25, and p75 salaries by job role, experience level, and region?",tbl_029,BM25,1,1,1,1,tbl_029;tbl_028;tbl_034;tbl_033;tbl_044,1.00000000;0.38307278;0.20360236;0.16409428;0.14748607
q057,dev,employment,lexical,easy,"What are the median, p25, and p75 salaries by job role, experience level, and region?",tbl_029,Dense,1,1,1,1,tbl_029;tbl_028;tbl_032;tbl_030;tbl_034,1.00000000;0.97912044;0.83096008;0.80072017;0.67560629
q057,dev,employment,lexical,easy,"What are the median, p25, and p75 salaries by job role, experience level, and region?",tbl_029,RRF,1,1,1,1,tbl_029;tbl_028;tbl_034;tbl_033;tbl_030,0.03278689;0.03225806;0.03125763;0.03033088;0.03011775
q057,dev,employment,lexical,easy,"What are the median, p25, and p75 salaries by job role, experience level, and region?",tbl_029,Weighted a=0.8,1,1,1,1,tbl_029;tbl_028;tbl_032;tbl_030;tbl_034,1.00000000;0.85991091;0.67520912;0.66118087;0.58120551
q060,dev,employment,semantic,medium,What technical capabilities appear most in demand for different roles?,tbl_030,BM25,1,1,1,1,tbl_030;tbl_045,1.00000000;0.00000000
q060,dev,employment,semantic,medium,What technical capabilities appear most in demand for different roles?,tbl_030,Dense,2,0,1,1,tbl_028;tbl_030;tbl_034;tbl_032;tbl_029,1.00000000;0.96659499;0.89528211;0.87756663;0.86298455
q060,dev,employment,semantic,medium,What technical capabilities appear most in demand for different roles?,tbl_030,RRF,1,1,1,1,tbl_030;tbl_045;tbl_028;tbl_034;tbl_032,0.03252247;0.02593295;0.01639344;0.01587302;0.01562500
q060,dev,employment,semantic,medium,What technical capabilities appear most in demand for different roles?,tbl_030,Weighted a=0.8,1,1,1,1,tbl_030;tbl_028;tbl_034;tbl_032;tbl_029,0.97327599;0.80000000;0.71622569;0.70205330;0.69038764
q061,dev,employment,lexical,easy,How many candidates were submitted and placed by recruitment region and industry sector?,tbl_031,BM25,1,1,1,1,tbl_031;tbl_032;tbl_034;tbl_029;tbl_044,1.00000000;0.40853622;0.37333004;0.28939769;0.27043389
q061,dev,employment,lexical,easy,How many candidates were submitted and placed by recruitment region and industry sector?,tbl_031,Dense,1,1,1,1,tbl_031;tbl_033;tbl_028;tbl_035;tbl_030,1.00000000;0.77973197;0.69899243;0.63679498;0.60410558
q061,dev,employment,lexical,easy,How many candidates were submitted and placed by recruitment region and industry sector?,tbl_031,RRF,1,1,1,1,tbl_031;tbl_032;tbl_033;tbl_028;tbl_034,0.03278689;0.03128055;0.03128055;0.03079839;0.03079839
q061,dev,employment,lexical,easy,How many candidates were submitted and placed by recruitment region and industry sector?,tbl_031,Weighted a=0.8,1,1,1,1,tbl_031;tbl_033;tbl_028;tbl_035;tbl_032,1.00000000;0.67489787;0.60621404;0.52328027;0.51193935
q064,dev,employment,semantic,medium,Which regional sectors had the largest workforces and strongest annual employment growth?,tbl_032,BM25,3,0,1,1,tbl_022;tbl_034;tbl_032;tbl_001;tbl_003,1.00000000;0.49628105;0.46386618;0.38007142;0.37931962
q064,dev,employment,semantic,medium,Which regional sectors had the largest workforces and strongest annual employment growth?,tbl_032,Dense,1,1,1,1,tbl_032;tbl_028;tbl_031;tbl_030;tbl_029,1.00000000;0.74141252;0.67470924;0.66246445;0.64605744
q064,dev,employment,semantic,medium,Which regional sectors had the largest workforces and strongest annual employment growth?,tbl_032,RRF,1,1,1,1,tbl_032;tbl_034;tbl_028;tbl_003;tbl_029,0.03226646;0.03128055;0.02982766;0.02946912;0.02927350
q064,dev,employment,semantic,medium,Which regional sectors had the largest workforces and strongest annual employment growth?,tbl_032,Weighted a=0.8,1,1,1,1,tbl_032;tbl_028;tbl_034;tbl_029;tbl_030,0.89277324;0.62920734;0.61061551;0.57929937;0.55589155
q065,dev,employment,lexical,easy,"What was the median time to hire by role, region, and quarter?",tbl_033,BM25,1,1,1,1,tbl_033;tbl_029;tbl_032;tbl_028;tbl_034,1.00000000;0.37346965;0.30648492;0.28945793;0.19030978
q065,dev,employment,lexical,easy,"What was the median time to hire by role, region, and quarter?",tbl_033,Dense,1,1,1,1,tbl_033;tbl_035;tbl_032;tbl_031;tbl_030,1.00000000;0.79680976;0.76984933;0.74455944;0.72334405
q065,dev,employment,lexical,easy,"What was the median time to hire by role, region, and quarter?",tbl_033,RRF,1,1,1,1,tbl_033;tbl_032;tbl_028;tbl_035;tbl_034,0.03278689;0.03174603;0.03077652;0.03062179;0.03030999
q065,dev,employment,lexical,easy,"What was the median time to hire by role, region, and quarter?",tbl_033,Weighted a=0.8,1,1,1,1,tbl_033;tbl_032;tbl_035;tbl_028;tbl_031,1.00000000;0.67717644;0.66642683;0.62808132;0.60332373
q068,dev,employment,semantic,medium,Which roles and locations offered the greatest flexibility to work away from the office?,tbl_034,BM25,1,1,1,1,tbl_034;tbl_036;tbl_040;tbl_033;tbl_053,1.00000000;0.98517733;0.55555320;0.50776384;0.46664627
q068,dev,employment,semantic,medium,Which roles and locations offered the greatest flexibility to work away from the office?,tbl_034,Dense,1,1,1,1,tbl_034;tbl_028;tbl_032;tbl_004;tbl_031,1.00000000;0.86412977;0.79803897;0.78546087;0.76332351
q068,dev,employment,semantic,medium,Which roles and locations offered the greatest flexibility to work away from the office?,tbl_034,RRF,1,1,1,1,tbl_034;tbl_033;tbl_028;tbl_029;tbl_049,0.03278689;0.03011775;0.02911605;0.02817460;0.02628901
q068,dev,employment,semantic,medium,Which roles and locations offered the greatest flexibility to work away from the office?,tbl_034,Weighted a=0.8,1,1,1,1,tbl_034;tbl_028;tbl_033;tbl_032;tbl_004,1.00000000;0.69130382;0.67258728;0.63843118;0.62836870
q069,dev,employment,lexical,easy,How many participants started and completed each workforce training programme?,tbl_035,BM25,1,1,1,1,tbl_035;tbl_043;tbl_006;tbl_031;tbl_034,1.00000000;0.09392654;0.08397578;0.05267837;0.04090523
q069,dev,employment,lexical,easy,How many participants started and completed each workforce training programme?,tbl_035,Dense,1,1,1,1,tbl_035;tbl_031;tbl_030;tbl_033;tbl_034,1.00000000;0.61477274;0.60979191;0.58820110;0.54394644
q069,dev,employment,lexical,easy,How many participants started and completed each workforce training programme?,tbl_035,RRF,1,1,1,1,tbl_035;tbl_031;tbl_034;tbl_029;tbl_043,0.03278689;0.03175403;0.03076923;0.02857726;0.02847471
q069,dev,employment,lexical,easy,How many participants started and completed each workforce training programme?,tbl_035,Weighted a=0.8,1,1,1,1,tbl_035;tbl_031;tbl_030;tbl_033;tbl_034,1.00000000;0.50235386;0.48783353;0.47056088;0.44333820
q072,dev,football,semantic,medium,"Which clubs won, lost, or drew their league fixtures across the season?",tbl_036,BM25,2,0,1,1,tbl_037;tbl_036;tbl_041;tbl_042;tbl_017,1.00000000;0.30122208;0.12640881;0.04370259;0.00000000
q072,dev,football,semantic,medium,"Which clubs won, lost, or drew their league fixtures across the season?",tbl_036,Dense,2,0,1,1,tbl_037;tbl_036;tbl_040;tbl_041;tbl_039,1.00000000;0.96651641;0.76678286;0.71696085;0.70004769
q072,dev,football,semantic,medium,"Which clubs won, lost, or drew their league fixtures across the season?",tbl_036,RRF,2,0,1,1,tbl_037;tbl_036;tbl_041;tbl_042;tbl_017,0.03278689;0.03225806;0.03149802;0.03033088;0.02987737
q072,dev,football,semantic,medium,"Which clubs won, lost, or drew their league fixtures across the season?",tbl_036,Weighted a=0.8,2,0,1,1,tbl_037;tbl_036;tbl_040;tbl_041;tbl_039,1.00000000;0.83345754;0.61342629;0.59885044;0.56003815
q073,dev,football,lexical,easy,"What were each team's position, wins, draws, losses, goal difference, and points?",tbl_037,BM25,1,1,1,1,tbl_037;tbl_054;tbl_038;tbl_041;tbl_022,1.00000000;0.33393014;0.18677761;0.11833314;0.09721482
q073,dev,football,lexical,easy,"What were each team's position, wins, draws, losses, goal difference, and points?",tbl_037,Dense,1,1,1,1,tbl_037;tbl_036;tbl_041;tbl_038;tbl_042,1.00000000;0.99594437;0.88693842;0.81022707;0.77274382
q073,dev,football,lexical,easy,"What were each team's position, wins, draws, losses, goal difference, and points?",tbl_037,RRF,1,1,1,1,tbl_037;tbl_038;tbl_041;tbl_036;tbl_042,0.03278689;0.03149802;0.03149802;0.03128055;0.03030999
q073,dev,football,lexical,easy,"What were each team's position, wins, draws, losses, goal difference, and points?",tbl_037,Weighted a=0.8,1,1,1,1,tbl_037;tbl_036;tbl_041;tbl_038;tbl_042,1.00000000;0.81308749;0.73321736;0.68553718;0.63328117
q076,dev,football,semantic,medium,Who delivered the strongest attacking output and average performance ratings?,tbl_038,BM25,2,0,1,1,tbl_027;tbl_038;tbl_042;tbl_022;tbl_060,1.00000000;0.52828412;0.46936834;0.37108059;0.36483537
q076,dev,football,semantic,medium,Who delivered the strongest attacking output and average performance ratings?,tbl_038,Dense,4,0,0,1,tbl_042;tbl_022;tbl_041;tbl_038;tbl_036,1.00000000;0.91185972;0.90443594;0.81579853;0.79206438
q076,dev,football,semantic,medium,Who delivered the strongest attacking output and average performance ratings?,tbl_038,RRF,3,0,1,1,tbl_042;tbl_022;tbl_038;tbl_023;tbl_029,0.03226646;0.03175403;0.03175403;0.02816901;0.02779923
q076,dev,football,semantic,medium,Who delivered the strongest attacking output and average performance ratings?,tbl_038,Weighted a=0.8,3,0,1,1,tbl_042;tbl_022;tbl_038;tbl_041;tbl_036,0.89387367;0.80370389;0.75829565;0.72354875;0.63365150
q077,dev,football,lexical,easy,"Which players received the most yellow cards, red cards, and suspension matches?",tbl_039,BM25,1,1,1,1,tbl_039;tbl_041;tbl_043;tbl_012;tbl_034,1.00000000;0.10722353;0.07120133;0.07020481;0.03705998
q077,dev,football,lexical,easy,"Which players received the most yellow cards, red cards, and suspension matches?",tbl_039,Dense,1,1,1,1,tbl_039;tbl_043;tbl_036;tbl_040;tbl_038,1.00000000;0.74615679;0.70588750;0.64646649;0.60644074
q077,dev,football,lexical,easy,"Which players received the most yellow cards, red cards, and suspension matches?",tbl_039,RRF,1,1,1,1,tbl_039;tbl_043;tbl_041;tbl_014;tbl_049,0.03278689;0.03200205;0.03083491;0.02821940;0.02765152
q077,dev,football,lexical,easy,"Which players received the most yellow cards, red cards, and suspension matches?",tbl_039,Weighted a=0.8,1,1,1,1,tbl_039;tbl_043;tbl_036;tbl_040;tbl_038,1.00000000;0.61116570;0.56471000;0.51717319;0.48515259
q080,dev,football,semantic,medium,Which fixtures came closest to filling their stadiums?,tbl_040,BM25,,0,0,0,tbl_033;tbl_043,1.00000000;0.00000000
q080,dev,football,semantic,medium,Which fixtures came closest to filling their stadiums?,tbl_040,Dense,1,1,1,1,tbl_040;tbl_036;tbl_037;tbl_043;tbl_041,1.00000000;0.81092956;0.67312373;0.63932068;0.59761830
q080,dev,football,semantic,medium,Which fixtures came closest to filling their stadiums?,tbl_040,RRF,3,0,1,1,tbl_043;tbl_033;tbl_040;tbl_036;tbl_037,0.03175403;0.03009207;0.01639344;0.01612903;0.01587302
q080,dev,football,semantic,medium,Which fixtures came closest to filling their stadiums?,tbl_040,Weighted a=0.8,1,1,1,1,tbl_040;tbl_036;tbl_037;tbl_043;tbl_033,0.80000000;0.64874364;0.53849898;0.51145654;0.48340510
q081,dev,football,lexical,easy,"Which teams produced the most shots, shots on target, goals, and expected goals?",tbl_041,BM25,1,1,1,1,tbl_041;tbl_036;tbl_042;tbl_038;tbl_034,1.00000000;0.16540469;0.15618124;0.10586016;0.02700458
q081,dev,football,lexical,easy,"Which teams produced the most shots, shots on target, goals, and expected goals?",tbl_041,Dense,1,1,1,1,tbl_041;tbl_042;tbl_036;tbl_038;tbl_037,1.00000000;0.79764290;0.75131680;0.67544072;0.67170651
q081,dev,football,lexical,easy,"Which teams produced the most shots, shots on target, goals, and expected goals?",tbl_041,RRF,1,1,1,1,tbl_041;tbl_036;tbl_042;tbl_038;tbl_015,0.03278689;0.03200205;0.03200205;0.03125000;0.02800627
q081,dev,football,lexical,easy,"Which teams produced the most shots, shots on target, goals, and expected goals?",tbl_041,Weighted a=0.8,1,1,1,1,tbl_041;tbl_042;tbl_036;tbl_038;tbl_037,1.00000000;0.66935057;0.63413438;0.56152461;0.53736521
q084,dev,football,semantic,medium,Who delivered the strongest shot-stopping performance by save percentage?,tbl_042,BM25,1,1,1,1,tbl_042;tbl_027;tbl_022;tbl_038;tbl_041,1.00000000;0.72264542;0.37901822;0.26942924;0.03139725
q084,dev,football,semantic,medium,Who delivered the strongest shot-stopping performance by save percentage?,tbl_042,Dense,1,1,1,1,tbl_042;tbl_041;tbl_038;tbl_014;tbl_010,1.00000000;0.92702729;0.61303426;0.58718746;0.53971253
q084,dev,football,semantic,medium,Who delivered the strongest shot-stopping performance by save percentage?,tbl_042,RRF,1,1,1,1,tbl_042;tbl_041;tbl_038;tbl_037;tbl_022,0.03278689;0.03151365;0.03149802;0.03030303;0.03015873
q084,dev,football,semantic,medium,Who delivered the strongest shot-stopping performance by save percentage?,tbl_042,Weighted a=0.8,1,1,1,1,tbl_042;tbl_041;tbl_038;tbl_014;tbl_022,1.00000000;0.74790128;0.54431325;0.46974997;0.45378471
q085,dev,football,lexical,easy,Which players had the longest injury absences and missed the most matches?,tbl_043,BM25,1,1,1,1,tbl_043;tbl_001;tbl_005;tbl_041;tbl_039,1.00000000;0.38339056;0.38193195;0.19834118;0.12367286
q085,dev,football,lexical,easy,Which players had the longest injury absences and missed the most matches?,tbl_043,Dense,1,1,1,1,tbl_043;tbl_039;tbl_038;tbl_040;tbl_036,1.00000000;0.63174101;0.56124208;0.55797082;0.51340433
q085,dev,football,lexical,easy,Which players had the longest injury absences and missed the most matches?,tbl_043,RRF,1,1,1,1,tbl_043;tbl_039;tbl_041;tbl_001;tbl_005,0.03278689;0.03151365;0.03055037;0.03021354;0.02938653
q085,dev,football,lexical,easy,Which players had the longest injury absences and missed the most matches?,tbl_043,Weighted a=0.8,1,1,1,1,tbl_043;tbl_039;tbl_038;tbl_040;tbl_041,1.00000000;0.53012738;0.44899366;0.44637666;0.42966172
q088,dev,tourism,semantic,medium,Which destinations attracted the most visitors and experienced the strongest annual growth?,tbl_044,BM25,8,0,0,0,tbl_022;tbl_050;tbl_048;tbl_034;tbl_049,1.00000000;0.58007510;0.35456424;0.13363105;0.07950645
q088,dev,tourism,semantic,medium,Which destinations attracted the most visitors and experienced the strongest annual growth?,tbl_044,Dense,1,1,1,1,tbl_044;tbl_048;tbl_047;tbl_051;tbl_050,1.00000000;0.99890877;0.90404501;0.86121498;0.82683875
q088,dev,tourism,semantic,medium,Which destinations attracted the most visitors and experienced the strongest annual growth?,tbl_044,RRF,3,0,1,1,tbl_048;tbl_050;tbl_044;tbl_049;tbl_034,0.03200205;0.03151365;0.03109932;0.03009050;0.02828323
q088,dev,tourism,semantic,medium,Which destinations attracted the most visitors and experienced the strongest annual growth?,tbl_044,Weighted a=0.8,2,0,1,1,tbl_048;tbl_044;tbl_050;tbl_047;tbl_051,0.87003987;0.81245486;0.77748602;0.72323600;0.68897199
q089,dev,tourism,lexical,easy,How many domestic and international overnight stays were recorded in each region?,tbl_045,BM25,1,1,1,1,tbl_045;tbl_044;tbl_047;tbl_034;tbl_030,1.00000000;0.49039272;0.39233310;0.13451396;0.11809008
q089,dev,tourism,lexical,easy,How many domestic and international overnight stays were recorded in each region?,tbl_045,Dense,1,1,1,1,tbl_045;tbl_044;tbl_046;tbl_034;tbl_051,1.00000000;0.65822127;0.56994147;0.53961317;0.53887030
q089,dev,tourism,lexical,easy,How many domestic and international overnight stays were recorded in each region?,tbl_045,RRF,1,1,1,1,tbl_045;tbl_044;tbl_034;tbl_047;tbl_048,0.03278689;0.03225806;0.03125000;0.02995752;0.02963126
q089,dev,tourism,lexical,easy,How many domestic and international overnight stays were recorded in each region?,tbl_045,Weighted a=0.8,1,1,1,1,tbl_045;tbl_044;tbl_034;tbl_046;tbl_047,1.00000000;0.62465556;0.45859333;0.45595317;0.43509893
q092,dev,tourism,semantic,medium,"Where was hotel capacity used most intensively, and what did rooms typically cost?",tbl_046,BM25,1,1,1,1,tbl_046;tbl_026;tbl_008;tbl_040;tbl_034,1.00000000;0.75784480;0.26741757;0.26319533;0.11646099
q092,dev,tourism,semantic,medium,"Where was hotel capacity used most intensively, and what did rooms typically cost?",tbl_046,Dense,1,1,1,1,tbl_046;tbl_003;tbl_045;tbl_051;tbl_048,1.00000000;0.77476650;0.77157364;0.67951172;0.63475869
q092,dev,tourism,semantic,medium,"Where was hotel capacity used most intensively, and what did rooms typically cost?",tbl_046,RRF,1,1,1,1,tbl_046;tbl_026;tbl_049;tbl_008;tbl_044,0.03278689;0.03083491;0.02923602;0.02903091;0.02877847
q092,dev,tourism,semantic,medium,"Where was hotel capacity used most intensively, and what did rooms typically cost?",tbl_046,Weighted a=0.8,1,1,1,1,tbl_046;tbl_003;tbl_045;tbl_051;tbl_026,1.00000000;0.61981320;0.61725891;0.54360938;0.54163404
q093,dev,tourism,lexical,easy,"How many domestic, international, and total passengers used each airport by month?",tbl_047,BM25,1,1,1,1,tbl_047;tbl_044;tbl_045;tbl_049;tbl_054,1.00000000;0.52736954;0.36742615;0.32663982;0.29502958
q093,dev,tourism,lexical,easy,"How many domestic, international, and total passengers used each airport by month?",tbl_047,Dense,1,1,1,1,tbl_047;tbl_044;tbl_049;tbl_007;tbl_046,1.00000000;0.70251203;0.67181753;0.62738839;0.61438052
q093,dev,tourism,lexical,easy,"How many domestic, international, and total passengers used each airport by month?",tbl_047,RRF,1,1,1,1,tbl_047;tbl_044;tbl_049;tbl_045;tbl_026,0.03278689;0.03225806;0.03149802;0.03102453;0.02985075
q093,dev,tourism,lexical,easy,"How many domestic, international, and total passengers used each airport by month?",tbl_047,Weighted a=0.8,1,1,1,1,tbl_047;tbl_044;tbl_049;tbl_045;tbl_007,1.00000000;0.66748353;0.60278198;0.55420904;0.50624114
q096,dev,tourism,semantic,medium,Which source markets generated the greatest tourism value in each destination?,tbl_048,BM25,3,0,1,1,tbl_045;tbl_044;tbl_048;tbl_051;tbl_031,1.00000000;0.74394228;0.69743499;0.68537813;0.58574311
q096,dev,tourism,semantic,medium,Which source markets generated the greatest tourism value in each destination?,tbl_048,Dense,1,1,1,1,tbl_048;tbl_051;tbl_044;tbl_046;tbl_049,1.00000000;0.95239818;0.84570085;0.81301860;0.73792558
q096,dev,tourism,semantic,medium,Which source markets generated the greatest tourism value in each destination?,tbl_048,RRF,1,1,1,1,tbl_048;tbl_044;tbl_051;tbl_045;tbl_046,0.03226646;0.03200205;0.03175403;0.03131882;0.02991071
q096,dev,tourism,semantic,medium,Which source markets generated the greatest tourism value in each destination?,tbl_048,Weighted a=0.8,1,1,1,1,tbl_048;tbl_051;tbl_044;tbl_045;tbl_046,0.93948700;0.89899417;0.82534913;0.77041011;0.74911509
q097,dev,tourism,lexical,easy,How many cruise ship calls and passengers arrived at each port by month?,tbl_049,BM25,1,1,1,1,tbl_049;tbl_047;tbl_059;tbl_007;tbl_012,1.00000000;0.20307705;0.20238064;0.16243983;0.09508380
q097,dev,tourism,lexical,easy,How many cruise ship calls and passengers arrived at each port by month?,tbl_049,Dense,1,1,1,1,tbl_049;tbl_059;tbl_044;tbl_047;tbl_023,1.00000000;0.68031868;0.52779125;0.52037051;0.46465788
q097,dev,tourism,lexical,easy,How many cruise ship calls and passengers arrived at each port by month?,tbl_049,RRF,1,1,1,1,tbl_049;tbl_059;tbl_047;tbl_044;tbl_007,0.03278689;0.03200205;0.03175403;0.03079839;0.03055037
q097,dev,tourism,lexical,easy,How many cruise ship calls and passengers arrived at each port by month?,tbl_049,Weighted a=0.8,1,1,1,1,tbl_049;tbl_059;tbl_047;tbl_044;tbl_007,1.00000000;0.58473107;0.45691182;0.43629662;0.39085806
q100,dev,tourism,semantic,medium,Which cultural attractions drew the largest audiences and ticket revenue?,tbl_050,BM25,1,1,1,1,tbl_050;tbl_051;tbl_027;tbl_034;tbl_049,1.00000000;0.42223202;0.29051490;0.18388306;0.10940488
q100,dev,tourism,semantic,medium,Which cultural attractions drew the largest audiences and ticket revenue?,tbl_050,Dense,1,1,1,1,tbl_050;tbl_048;tbl_044;tbl_047;tbl_046,1.00000000;0.88242879;0.79143035;0.77319370;0.75519072
q100,dev,tourism,semantic,medium,Which cultural attractions drew the largest audiences and ticket revenue?,tbl_050,RRF,1,1,1,1,tbl_050;tbl_051;tbl_044;tbl_049;tbl_027,0.03278689;0.03128055;0.03057890;0.03030999;0.03015873
q100,dev,tourism,semantic,medium,Which cultural attractions drew the largest audiences and ticket revenue?,tbl_050,Weighted a=0.8,1,1,1,1,tbl_050;tbl_048;tbl_051;tbl_044;tbl_047,1.00000000;0.70839167;0.68784388;0.65028279;0.61855496
q101,dev,tourism,lexical,easy,How many active short-term rental listings and booked nights were recorded by destination?,tbl_051,BM25,1,1,1,1,tbl_051;tbl_045;tbl_048;tbl_044;tbl_057,1.00000000;0.21253340;0.15982033;0.15098681;0.14871034
q101,dev,tourism,lexical,easy,How many active short-term rental listings and booked nights were recorded by destination?,tbl_051,Dense,1,1,1,1,tbl_051;tbl_045;tbl_046;tbl_050;tbl_049,1.00000000;0.74051603;0.70093681;0.51990339;0.49525804
q101,dev,tourism,lexical,easy,How many active short-term rental listings and booked nights were recorded by destination?,tbl_051,RRF,1,1,1,1,tbl_051;tbl_045;tbl_046;tbl_044;tbl_048,0.03278689;0.03225806;0.03102453;0.03055037;0.03036577
q101,dev,tourism,lexical,easy,How many active short-term rental listings and booked nights were recorded by destination?,tbl_051,Weighted a=0.8,1,1,1,1,tbl_051;tbl_045;tbl_046;tbl_050;tbl_049,1.00000000;0.63491950;0.57729603;0.41592271;0.40680055
q104,dev,weather,semantic,medium,Where and when were the hottest and coldest observed conditions recorded?,tbl_052,BM25,,0,0,0,tbl_034;tbl_059;tbl_054;tbl_049;tbl_023,1.00000000;0.76681975;0.65194451;0.59496988;0.51671516
q104,dev,weather,semantic,medium,Where and when were the hottest and coldest observed conditions recorded?,tbl_052,Dense,1,1,1,1,tbl_052;tbl_058;tbl_055;tbl_057;tbl_060,1.00000000;0.94414492;0.91845898;0.86084780;0.81562659
q104,dev,weather,semantic,medium,Where and when were the hottest and coldest observed conditions recorded?,tbl_052,RRF,15,0,0,0,tbl_059;tbl_054;tbl_034;tbl_060;tbl_044,0.03128055;0.03079839;0.03047795;0.03009050;0.02862400
q104,dev,weather,semantic,medium,Where and when were the hottest and coldest observed conditions recorded?,tbl_052,Weighted a=0.8,1,1,1,1,tbl_052;tbl_059;tbl_058;tbl_060;tbl_055,0.80000000;0.76125552;0.75531593;0.74183059;0.73476719
q105,dev,weather,lexical,easy,"How much monthly precipitation fell in each region, and on how many rain days?",tbl_053,BM25,1,1,1,1,tbl_053;tbl_041;tbl_057;tbl_045;tbl_023,1.00000000;0.28981610;0.28245798;0.27148731;0.20908028
q105,dev,weather,lexical,easy,"How much monthly precipitation fell in each region, and on how many rain days?",tbl_053,Dense,1,1,1,1,tbl_053;tbl_056;tbl_060;tbl_057;tbl_054,1.00000000;0.65202552;0.65050446;0.62859731;0.61224832
q105,dev,weather,lexical,easy,"How much monthly precipitation fell in each region, and on how many rain days?",tbl_053,RRF,1,1,1,1,tbl_053;tbl_057;tbl_056;tbl_054;tbl_045,0.03278689;0.03149802;0.03105441;0.02987737;0.02913851
q105,dev,weather,lexical,easy,"How much monthly precipitation fell in each region, and on how many rain days?",tbl_053,Weighted a=0.8,1,1,1,1,tbl_053;tbl_056;tbl_057;tbl_060;tbl_054,1.00000000;0.55951190;0.55936944;0.52732593;0.52513728
q108,dev,weather,semantic,medium,Where were strong-wind conditions most frequent or intense?,tbl_054,BM25,2,0,1,1,tbl_059;tbl_054,1.00000000;0.00000000
q108,dev,weather,semantic,medium,Where were strong-wind conditions most frequent or intense?,tbl_054,Dense,1,1,1,1,tbl_054;tbl_055;tbl_059;tbl_052;tbl_056,1.00000000;0.74579292;0.69778999;0.64667575;0.63594784
q108,dev,weather,semantic,medium,Where were strong-wind conditions most frequent or intense?,tbl_054,RRF,1,1,1,1,tbl_054;tbl_059;tbl_055;tbl_052;tbl_056,0.03252247;0.03226646;0.01612903;0.01562500;0.01538462
q108,dev,weather,semantic,medium,Where were strong-wind conditions most frequent or intense?,tbl_054,Weighted a=0.8,1,1,1,1,tbl_054;tbl_059;tbl_055;tbl_052;tbl_056,0.80000000;0.75823199;0.59663433;0.51734060;0.50875827
q109,dev,weather,lexical,easy,Which severe weather events affected the largest area or lasted the most hours?,tbl_055,BM25,1,1,1,1,tbl_055;tbl_059;tbl_057;tbl_054;tbl_022,1.00000000;0.16743289;0.15881914;0.06599278;0.06228766
q109,dev,weather,lexical,easy,Which severe weather events affected the largest area or lasted the most hours?,tbl_055,Dense,1,1,1,1,tbl_055;tbl_053;tbl_015;tbl_057;tbl_059,1.00000000;0.69349180;0.64247290;0.63629691;0.60741724
q109,dev,weather,lexical,easy,Which severe weather events affected the largest area or lasted the most hours?,tbl_055,RRF,1,1,1,1,tbl_055;tbl_059;tbl_057;tbl_015;tbl_054,0.03278689;0.03151365;0.03149802;0.03079839;0.03077652
q109,dev,weather,lexical,easy,Which severe weather events affected the largest area or lasted the most hours?,tbl_055,Weighted a=0.8,1,1,1,1,tbl_055;tbl_053;tbl_057;tbl_015;tbl_059,1.00000000;0.56087031;0.54080136;0.52405639;0.51942037
q112,dev,weather,semantic,medium,Which cities experienced the greatest number of persistently humid days?,tbl_056,BM25,2,0,1,1,tbl_050;tbl_056;tbl_001;tbl_045;tbl_058,1.00000000;0.76617647;0.45593953;0.36220329;0.14249204
q112,dev,weather,semantic,medium,Which cities experienced the greatest number of persistently humid days?,tbl_056,Dense,1,1,1,1,tbl_056;tbl_057;tbl_058;tbl_053;tbl_052,1.00000000;0.84922548;0.78287397;0.71632530;0.67844947
q112,dev,weather,semantic,medium,Which cities experienced the greatest number of persistently humid days?,tbl_056,RRF,1,1,1,1,tbl_056;tbl_058;tbl_057;tbl_053;tbl_045,0.03252247;0.03125763;0.03041475;0.03011775;0.02991071
q112,dev,weather,semantic,medium,Which cities experienced the greatest number of persistently humid days?,tbl_056,Weighted a=0.8,1,1,1,1,tbl_056;tbl_057;tbl_058;tbl_053;tbl_052,0.95323529;0.68983796;0.65479758;0.58351782;0.54275958
q113,dev,weather,lexical,easy,Which destinations recorded the most sunshine hours and clear days?,tbl_057,BM25,1,1,1,1,tbl_057;tbl_059;tbl_022;tbl_055;tbl_034,1.00000000;0.17143887;0.11924619;0.10848160;0.08385867
q113,dev,weather,lexical,easy,Which destinations recorded the most sunshine hours and clear days?,tbl_057,Dense,1,1,1,1,tbl_057;tbl_045;tbl_052;tbl_051;tbl_044,1.00000000;0.65012688;0.58685863;0.57585203;0.57144698
q113,dev,weather,lexical,easy,Which destinations recorded the most sunshine hours and clear days?,tbl_057,RRF,1,1,1,1,tbl_057;tbl_059;tbl_058;tbl_055;tbl_049,0.03278689;0.03128055;0.02985740;0.02932363;0.02900988
q113,dev,weather,lexical,easy,Which destinations recorded the most sunshine hours and clear days?,tbl_057,Weighted a=0.8,1,1,1,1,tbl_057;tbl_045;tbl_052;tbl_044;tbl_051,1.00000000;0.52010150;0.46948690;0.46542761;0.46068162
q116,dev,weather,semantic,medium,Which locations showed the greatest weather-related heating demand?,tbl_058,BM25,1,1,1,1,tbl_058,1.00000000
q116,dev,weather,semantic,medium,Which locations showed the greatest weather-related heating demand?,tbl_058,Dense,1,1,1,1,tbl_058;tbl_057;tbl_052;tbl_056;tbl_054,1.00000000;0.91619720;0.76778318;0.76520204;0.75070659
q116,dev,weather,semantic,medium,Which locations showed the greatest weather-related heating demand?,tbl_058,RRF,1,1,1,1,tbl_058;tbl_057;tbl_052;tbl_056;tbl_054,0.03278689;0.01612903;0.01587302;0.01562500;0.01538462
q116,dev,weather,semantic,medium,Which locations showed the greatest weather-related heating demand?,tbl_058,Weighted a=0.8,1,1,1,1,tbl_058;tbl_057;tbl_052;tbl_056;tbl_054,1.00000000;0.73295776;0.61422655;0.61216163;0.60056527
q117,dev,weather,lexical,easy,"What were the sea temperature, wave height, and strong-wind days at each port?",tbl_059,BM25,1,1,1,1,tbl_059;tbl_049;tbl_058;tbl_060;tbl_007,1.00000000;0.24111057;0.19899460;0.18179718;0.13488188
q117,dev,weather,lexical,easy,"What were the sea temperature, wave height, and strong-wind days at each port?",tbl_059,Dense,1,1,1,1,tbl_059;tbl_054;tbl_052;tbl_057;tbl_055,1.00000000;0.65623399;0.54875853;0.54136932;0.46473957
q117,dev,weather,lexical,easy,"What were the sea temperature, wave height, and strong-wind days at each port?",tbl_059,RRF,1,1,1,1,tbl_059;tbl_049;tbl_052;tbl_058;tbl_060,0.03278689;0.03128055;0.03102453;0.03079839;0.03033088
q117,dev,weather,lexical,easy,"What were the sea temperature, wave height, and strong-wind days at each port?",tbl_059,Weighted a=0.8,1,1,1,1,tbl_059;tbl_054;tbl_052;tbl_057;tbl_049,1.00000000;0.52716131;0.46525819;0.43563663;0.41385633
q120,dev,weather,semantic,medium,Which mountain locations had the deepest snowpack and coldest weekly conditions?,tbl_060,BM25,1,1,1,1,tbl_060;tbl_059;tbl_054;tbl_034;tbl_049,1.00000000;0.57345869;0.52238157;0.22231558;0.13227107
q120,dev,weather,semantic,medium,Which mountain locations had the deepest snowpack and coldest weekly conditions?,tbl_060,Dense,1,1,1,1,tbl_060;tbl_053;tbl_055;tbl_052;tbl_057,1.00000000;0.49288451;0.44006900;0.43975319;0.39530103
q120,dev,weather,semantic,medium,Which mountain locations had the deepest snowpack and coldest weekly conditions?,tbl_060,RRF,1,1,1,1,tbl_060;tbl_054;tbl_059;tbl_034;tbl_023,0.03278689;0.03079839;0.03041475;0.02913851;0.02830941
q120,dev,weather,semantic,medium,Which mountain locations had the deepest snowpack and coldest weekly conditions?,tbl_060,Weighted a=0.8,1,1,1,1,tbl_060;tbl_054;tbl_053;tbl_059;tbl_055,1.00000000;0.40629621;0.39430761;0.38291660;0.35205520
q006,test,healthcare,semantic,medium,Where was staffed inpatient capacity under the greatest pressure?,tbl_003,BM25,1,1,1,1,tbl_003;tbl_008;tbl_040,1.00000000;0.54596925;0.00000000
q006,test,healthcare,semantic,medium,Where was staffed inpatient capacity under the greatest pressure?,tbl_003,Dense,1,1,1,1,tbl_003;tbl_004;tbl_002;tbl_006;tbl_005,1.00000000;0.99082345;0.94912161;0.87566213;0.87559329
q006,test,healthcare,semantic,medium,Where was staffed inpatient capacity under the greatest pressure?,tbl_003,RRF,1,1,1,1,tbl_003;tbl_008;tbl_040;tbl_004;tbl_002,0.03278689;0.03062179;0.02504733;0.01612903;0.01587302
q006,test,healthcare,semantic,medium,Where was staffed inpatient capacity under the greatest pressure?,tbl_003,Weighted a=0.8,1,1,1,1,tbl_003;tbl_004;tbl_002;tbl_006;tbl_005,1.00000000;0.79265876;0.75929729;0.70052971;0.70047463
q007,test,healthcare,lexical,easy,"How do physician FTE, nurse FTE, vacancies, and overtime compare across hospital departments?",tbl_004,BM25,1,1,1,1,tbl_004;tbl_028;tbl_001;tbl_003;tbl_005,1.00000000;0.23614199;0.18667529;0.18655492;0.18653950
q007,test,healthcare,lexical,easy,"How do physician FTE, nurse FTE, vacancies, and overtime compare across hospital departments?",tbl_004,Dense,1,1,1,1,tbl_004;tbl_003;tbl_001;tbl_005;tbl_006,1.00000000;0.69699988;0.67105984;0.66060810;0.61387387
q007,test,healthcare,lexical,easy,"How do physician FTE, nurse FTE, vacancies, and overtime compare across hospital departments?",tbl_004,RRF,1,1,1,1,tbl_004;tbl_003;tbl_001;tbl_005;tbl_006,0.03278689;0.03175403;0.03174603;0.03100962;0.03030999
q007,test,healthcare,lexical,easy,"How do physician FTE, nurse FTE, vacancies, and overtime compare across hospital departments?",tbl_004,Weighted a=0.8,1,1,1,1,tbl_004;tbl_003;tbl_001;tbl_005;tbl_006,1.00000000;0.59491089;0.57418293;0.56579438;0.52824746
q010,test,healthcare,semantic,medium,Where did discharged patients most often return for another admission within a month?,tbl_005,BM25,,0,0,0,tbl_050;tbl_016;tbl_035;tbl_049;tbl_007,1.00000000;0.99124322;0.69892825;0.09075461;0.07935195
q010,test,healthcare,semantic,medium,Where did discharged patients most often return for another admission within a month?,tbl_005,Dense,2,0,1,1,tbl_001;tbl_005;tbl_006;tbl_008;tbl_002,1.00000000;0.90826210;0.88621465;0.82066621;0.76435902
q010,test,healthcare,semantic,medium,Where did discharged patients most often return for another admission within a month?,tbl_005,RRF,39,0,0,0,tbl_007;tbl_035;tbl_050;tbl_006;tbl_002,0.03053613;0.03015873;0.02955134;0.02886003;0.02820513
q010,test,healthcare,semantic,medium,Where did discharged patients most often return for another admission within a month?,tbl_005,Weighted a=0.8,2,0,1,1,tbl_001;tbl_005;tbl_006;tbl_008;tbl_002,0.80637763;0.72660968;0.72285845;0.66847365;0.62530848
q011,test,healthcare,lexical,easy,"Which hospitals had the most scheduled appointments, completed appointments, and no-shows by month?",tbl_006,BM25,1,1,1,1,tbl_006;tbl_008;tbl_035;tbl_031;tbl_049,1.00000000;0.28465063;0.14706958;0.14580055;0.12523279
q011,test,healthcare,lexical,easy,"Which hospitals had the most scheduled appointments, completed appointments, and no-shows by month?",tbl_006,Dense,1,1,1,1,tbl_006;tbl_008;tbl_001;tbl_002;tbl_007,1.00000000;0.85155075;0.81065286;0.79001436;0.74238667
q011,test,healthcare,lexical,easy,"Which hospitals had the most scheduled appointments, completed appointments, and no-shows by month?",tbl_006,RRF,1,1,1,1,tbl_006;tbl_008;tbl_031;tbl_049;tbl_044,0.03278689;0.03225806;0.02951389;0.02871795;0.02843889
q011,test,healthcare,lexical,easy,"Which hospitals had the most scheduled appointments, completed appointments, and no-shows by month?",tbl_006,Weighted a=0.8,1,1,1,1,tbl_006;tbl_008;tbl_001;tbl_002;tbl_007,1.00000000;0.73817072;0.65732415;0.63844003;0.60077929
q014,test,healthcare,semantic,medium,Where were emergency vehicle handovers slowest or diversions longest?,tbl_007,BM25,5,0,0,1,tbl_014;tbl_003;tbl_004;tbl_002;tbl_007,1.00000000;0.46403569;0.45275194;0.21989309;0.10526761
q014,test,healthcare,semantic,medium,Where were emergency vehicle handovers slowest or diversions longest?,tbl_007,Dense,1,1,1,1,tbl_007;tbl_002;tbl_013;tbl_012;tbl_014,1.00000000;0.80416030;0.77326288;0.72916002;0.72500270
q014,test,healthcare,semantic,medium,Where were emergency vehicle handovers slowest or diversions longest?,tbl_007,RRF,1,1,1,1,tbl_007;tbl_014;tbl_002;tbl_012;tbl_003,0.03177806;0.03177806;0.03175403;0.03055037;0.02654570
q014,test,healthcare,semantic,medium,Where were emergency vehicle handovers slowest or diversions longest?,tbl_007,Weighted a=0.8,1,1,1,1,tbl_007;tbl_014;tbl_002;tbl_013;tbl_012,0.82105352;0.78000216;0.68730685;0.61861030;0.58332802
q015,test,healthcare,lexical,easy,Which facilities had the highest surgery cancellation rates by month?,tbl_008,BM25,1,1,1,1,tbl_008;tbl_007;tbl_005;tbl_022;tbl_026,1.00000000;0.58462589;0.39452590;0.13053509;0.13053509
q015,test,healthcare,lexical,easy,Which facilities had the highest surgery cancellation rates by month?,tbl_008,Dense,1,1,1,1,tbl_008;tbl_006;tbl_001;tbl_003;tbl_002,1.00000000;0.65271748;0.58276891;0.57951311;0.57034691
q015,test,healthcare,lexical,easy,Which facilities had the highest surgery cancellation rates by month?,tbl_008,RRF,1,1,1,1,tbl_008;tbl_007;tbl_005;tbl_001;tbl_003,0.03278689;0.03128055;0.03079839;0.02976190;0.02932363
q015,test,healthcare,lexical,easy,Which facilities had the highest surgery cancellation rates by month?,tbl_008,Weighted a=0.8,1,1,1,1,tbl_008;tbl_007;tbl_006;tbl_005;tbl_001,1.00000000;0.57137864;0.53647071;0.51885730;0.48574716
q018,test,healthcare,semantic,medium,Which imaging services handled the largest urgent workload and reporting delays?,tbl_009,BM25,1,1,1,1,tbl_009;tbl_035;tbl_034;tbl_049;tbl_023,1.00000000;0.88863366;0.11454119;0.06814855;0.05918517
q018,test,healthcare,semantic,medium,Which imaging services handled the largest urgent workload and reporting delays?,tbl_009,Dense,1,1,1,1,tbl_009;tbl_002;tbl_007;tbl_008;tbl_006,1.00000000;0.76347651;0.66385923;0.65045449;0.62078699
q018,test,healthcare,semantic,medium,Which imaging services handled the largest urgent workload and reporting delays?,tbl_009,RRF,1,1,1,1,tbl_009;tbl_023;tbl_034;tbl_035;tbl_049,0.03278689;0.03053613;0.02821869;0.02817723;0.02661401
q018,test,healthcare,semantic,medium,Which imaging services handled the largest urgent workload and reporting delays?,tbl_009,Weighted a=0.8,1,1,1,1,tbl_009;tbl_002;tbl_007;tbl_008;tbl_006,1.00000000;0.61078121;0.53108738;0.52036359;0.49662959
q019,test,public_safety,lexical,easy,Which districts and crime categories had the most reported and cleared incidents?,tbl_010,BM25,1,1,1,1,tbl_010;tbl_014;tbl_015;tbl_034;tbl_021,1.00000000;0.32622528;0.28798105;0.14238471;0.10560027
q019,test,public_safety,lexical,easy,Which districts and crime categories had the most reported and cleared incidents?,tbl_010,Dense,1,1,1,1,tbl_010;tbl_011;tbl_014;tbl_013;tbl_017,1.00000000;0.78786699;0.68164417;0.66268408;0.64825671
q019,test,public_safety,lexical,easy,Which districts and crime categories had the most reported and cleared incidents?,tbl_010,RRF,1,1,1,1,tbl_010;tbl_014;tbl_015;tbl_021;tbl_017,0.03278689;0.03200205;0.03057890;0.02967033;0.02946912
q019,test,public_safety,lexical,easy,Which districts and crime categories had the most reported and cleared incidents?,tbl_010,Weighted a=0.8,1,1,1,1,tbl_010;tbl_011;tbl_014;tbl_013;tbl_017,1.00000000;0.63029359;0.61056039;0.53014726;0.52666473
q022,test,public_safety,semantic,medium,"Where was police custody activity highest, and how was it divided by age group?",tbl_011,BM25,5,0,0,1,tbl_001;tbl_012;tbl_006;tbl_005;tbl_011,1.00000000;0.68049088;0.64440710;0.63121878;0.62459751
q022,test,public_safety,semantic,medium,"Where was police custody activity highest, and how was it divided by age group?",tbl_011,Dense,1,1,1,1,tbl_011;tbl_012;tbl_010;tbl_014;tbl_018,1.00000000;0.78414922;0.70871706;0.64888963;0.64017753
q022,test,public_safety,semantic,medium,"Where was police custody activity highest, and how was it divided by age group?",tbl_011,RRF,2,0,1,1,tbl_012;tbl_011;tbl_005;tbl_014;tbl_001,0.03225806;0.03177806;0.03011775;0.02932363;0.02921396
q022,test,public_safety,semantic,medium,"Where was police custody activity highest, and how was it divided by age group?",tbl_011,Weighted a=0.8,1,1,1,1,tbl_011;tbl_012;tbl_014;tbl_005;tbl_010,0.92491950;0.76341755;0.58270714;0.57488243;0.56809735
q023,test,public_safety,lexical,easy,How do median and p90 police response times vary by district and priority level?,tbl_012,BM25,1,1,1,1,tbl_012;tbl_015;tbl_007;tbl_002;tbl_029,1.00000000;0.37795247;0.31442405;0.29016033;0.25644666
q023,test,public_safety,lexical,easy,How do median and p90 police response times vary by district and priority level?,tbl_012,Dense,1,1,1,1,tbl_012;tbl_002;tbl_016;tbl_007;tbl_011,1.00000000;0.62227169;0.59156767;0.58518348;0.49396145
q023,test,public_safety,lexical,easy,How do median and p90 police response times vary by district and priority level?,tbl_012,RRF,1,1,1,1,tbl_012;tbl_002;tbl_007;tbl_015;tbl_016,0.03278689;0.03175403;0.03149802;0.03105441;0.03015873
q023,test,public_safety,lexical,easy,How do median and p90 police response times vary by district and priority level?,tbl_012,Weighted a=0.8,1,1,1,1,tbl_012;tbl_002;tbl_007;tbl_016;tbl_015,1.00000000;0.55584942;0.53103159;0.50920454;0.46292090
q026,test,public_safety,semantic,medium,"Where were the most serious traffic-safety outcomes concentrated, including incidents at night?",tbl_013,BM25,1,1,1,1,tbl_013;tbl_010;tbl_007;tbl_015;tbl_016,1.00000000;0.09963742;0.09525596;0.02843877;0.02035347
q026,test,public_safety,semantic,medium,"Where were the most serious traffic-safety outcomes concentrated, including incidents at night?",tbl_013,Dense,1,1,1,1,tbl_013;tbl_018;tbl_015;tbl_016;tbl_012,1.00000000;0.74611658;0.66101819;0.65053889;0.63941331
q026,test,public_safety,semantic,medium,"Where were the most serious traffic-safety outcomes concentrated, including incidents at night?",tbl_013,RRF,1,1,1,1,tbl_013;tbl_015;tbl_010;tbl_018;tbl_016,0.03278689;0.03149802;0.03105441;0.03105441;0.03100962
q026,test,public_safety,semantic,medium,"Where were the most serious traffic-safety outcomes concentrated, including incidents at night?",tbl_013,Weighted a=0.8,1,1,1,1,tbl_013;tbl_018;tbl_015;tbl_016;tbl_012,1.00000000;0.59689327;0.53450230;0.52450180;0.51153065
q027,test,public_safety,lexical,easy,Which districts reported the most stolen vehicles and what percentage were recovered?,tbl_014,BM25,1,1,1,1,tbl_014;tbl_017;tbl_018;tbl_010;tbl_034,1.00000000;0.36721750;0.18274744;0.16918236;0.05681835
q027,test,public_safety,lexical,easy,Which districts reported the most stolen vehicles and what percentage were recovered?,tbl_014,Dense,1,1,1,1,tbl_014;tbl_017;tbl_010;tbl_011;tbl_013,1.00000000;0.73089696;0.67475435;0.60974404;0.59707665
q027,test,public_safety,lexical,easy,Which districts reported the most stolen vehicles and what percentage were recovered?,tbl_014,RRF,1,1,1,1,tbl_014;tbl_017;tbl_010;tbl_018;tbl_034,0.03278689;0.03225806;0.03149802;0.03102453;0.02908325
q027,test,public_safety,lexical,easy,Which districts reported the most stolen vehicles and what percentage were recovered?,tbl_014,Weighted a=0.8,1,1,1,1,tbl_014;tbl_017;tbl_010;tbl_011;tbl_018,1.00000000;0.65816107;0.57363995;0.48779523;0.47795475
q030,test,public_safety,semantic,medium,Where did emergencies cause the greatest property loss or slowest response?,tbl_015,BM25,1,1,1,1,tbl_015;tbl_012;tbl_017,1.00000000;0.03117636;0.00000000
q030,test,public_safety,semantic,medium,Where did emergencies cause the greatest property loss or slowest response?,tbl_015,Dense,1,1,1,1,tbl_015;tbl_017;tbl_012;tbl_013;tbl_002,1.00000000;0.85976780;0.80032312;0.72186468;0.71642244
q030,test,public_safety,semantic,medium,Where did emergencies cause the greatest property loss or slowest response?,tbl_015,RRF,1,1,1,1,tbl_015;tbl_012;tbl_017;tbl_013;tbl_002,0.03278689;0.03200205;0.03200205;0.01562500;0.01538462
q030,test,public_safety,semantic,medium,Where did emergencies cause the greatest property loss or slowest response?,tbl_015,Weighted a=0.8,1,1,1,1,tbl_015;tbl_017;tbl_012;tbl_013;tbl_002,1.00000000;0.68781424;0.64649377;0.57749174;0.57313795
q031,test,public_safety,lexical,easy,Which districts received the most noise and night complaints each month?,tbl_016,BM25,1,1,1,1,tbl_016;tbl_012;tbl_013;tbl_049;tbl_023,1.00000000;0.17685344;0.15114880;0.11859157;0.11094147
q031,test,public_safety,lexical,easy,Which districts received the most noise and night complaints each month?,tbl_016,Dense,1,1,1,1,tbl_016;tbl_010;tbl_012;tbl_045;tbl_003,1.00000000;0.51960246;0.48320976;0.48007322;0.47201756
q031,test,public_safety,lexical,easy,Which districts received the most noise and night complaints each month?,tbl_016,RRF,1,1,1,1,tbl_016;tbl_012;tbl_013;tbl_017;tbl_023,0.03278689;0.03200205;0.03102453;0.02941813;0.02908325
q031,test,public_safety,lexical,easy,Which districts received the most noise and night complaints each month?,tbl_016,Weighted a=0.8,1,1,1,1,tbl_016;tbl_012;tbl_010;tbl_013;tbl_045,1.00000000;0.42193850;0.41586137;0.40448157;0.38688438
q034,test,public_safety,semantic,medium,Where was reported missing property most valuable and least often recovered?,tbl_017,BM25,1,1,1,1,tbl_017;tbl_014;tbl_015;tbl_010;tbl_034,1.00000000;0.97888147;0.38136828;0.37986130;0.12757294
q034,test,public_safety,semantic,medium,Where was reported missing property most valuable and least often recovered?,tbl_017,Dense,1,1,1,1,tbl_017;tbl_014;tbl_015;tbl_010;tbl_018,1.00000000;0.79947448;0.53910090;0.48512565;0.47524346
q034,test,public_safety,semantic,medium,Where was reported missing property most valuable and least often recovered?,tbl_017,RRF,1,1,1,1,tbl_017;tbl_014;tbl_015;tbl_010;tbl_018,0.03278689;0.03225806;0.03174603;0.03125000;0.02946912
q034,test,public_safety,semantic,medium,Where was reported missing property most valuable and least often recovered?,tbl_017,Weighted a=0.8,1,1,1,1,tbl_017;tbl_014;tbl_015;tbl_010;tbl_018,1.00000000;0.83535588;0.50755437;0.46407278;0.38621368
q035,test,public_safety,lexical,easy,"How many drivers were checked, cited, or had vehicles impounded in each enforcement area?",tbl_018,BM25,1,1,1,1,tbl_018;tbl_014;tbl_030;tbl_045;tbl_055,1.00000000;0.15598542;0.08322942;0.07911618;0.03527421
q035,test,public_safety,lexical,easy,"How many drivers were checked, cited, or had vehicles impounded in each enforcement area?",tbl_018,Dense,1,1,1,1,tbl_018;tbl_011;tbl_014;tbl_013;tbl_010,1.00000000;0.74333720;0.72164698;0.67345988;0.55058814
q035,test,public_safety,lexical,easy,"How many drivers were checked, cited, or had vehicles impounded in each enforcement area?",tbl_018,RRF,1,1,1,1,tbl_018;tbl_014;tbl_013;tbl_015;tbl_030,0.03278689;0.03200205;0.03055037;0.02943723;0.02886003
q035,test,public_safety,lexical,easy,"How many drivers were checked, cited, or had vehicles impounded in each enforcement area?",tbl_018,Weighted a=0.8,1,1,1,1,tbl_018;tbl_014;tbl_011;tbl_013;tbl_010,1.00000000;0.60851467;0.59466976;0.53876790;0.44047051
q038,test,software_engineering,semantic,medium,Which codebases accumulated work or took longest to resolve maintenance requests?,tbl_019,BM25,1,1,1,1,tbl_019;tbl_034;tbl_033;tbl_022;tbl_043,1.00000000;0.39439659;0.18394833;0.15874880;0.00000000
q038,test,software_engineering,semantic,medium,Which codebases accumulated work or took longest to resolve maintenance requests?,tbl_019,Dense,1,1,1,1,tbl_019;tbl_020;tbl_024;tbl_022;tbl_023,1.00000000;0.89703841;0.82632858;0.75690965;0.74938498
q038,test,software_engineering,semantic,medium,Which codebases accumulated work or took longest to resolve maintenance requests?,tbl_019,RRF,1,1,1,1,tbl_019;tbl_022;tbl_034;tbl_033;tbl_043,0.03278689;0.03125000;0.03001792;0.02792121;0.02558870
q038,test,software_engineering,semantic,medium,Which codebases accumulated work or took longest to resolve maintenance requests?,tbl_019,Weighted a=0.8,1,1,1,1,tbl_019;tbl_020;tbl_024;tbl_022;tbl_023,1.00000000;0.71763073;0.66106287;0.63727748;0.59950798
q039,test,software_engineering,lexical,easy,"Which services had the most deployments, failures, and rollbacks by environment?",tbl_020,BM25,2,0,1,1,tbl_035;tbl_020;tbl_034;tbl_029;tbl_049,1.00000000;0.88542339;0.20365935;0.18571633;0.15593335
q039,test,software_engineering,lexical,easy,"Which services had the most deployments, failures, and rollbacks by environment?",tbl_020,Dense,1,1,1,1,tbl_020;tbl_023;tbl_021;tbl_019;tbl_024,1.00000000;0.78129212;0.67287083;0.61025556;0.59788450
q039,test,software_engineering,lexical,easy,"Which services had the most deployments, failures, and rollbacks by environment?",tbl_020,RRF,1,1,1,1,tbl_020;tbl_023;tbl_034;tbl_026;tbl_015,0.03252247;0.03128055;0.02853124;0.02797203;0.02759802
q039,test,software_engineering,lexical,easy,"Which services had the most deployments, failures, and rollbacks by environment?",tbl_020,Weighted a=0.8,1,1,1,1,tbl_020;tbl_023;tbl_021;tbl_019;tbl_026,0.97708468;0.65437616;0.53881580;0.48820445;0.47933166
q042,test,software_engineering,semantic,medium,Which services produced the greatest customer disruption and took longest to recover?,tbl_021,BM25,9,0,0,0,tbl_033;tbl_035;tbl_034;tbl_029;tbl_028,1.00000000;0.94101468;0.68041451;0.63924235;0.59771338
q042,test,software_engineering,semantic,medium,Which services produced the greatest customer disruption and took longest to recover?,tbl_021,Dense,1,1,1,1,tbl_021;tbl_007;tbl_002;tbl_023;tbl_027,1.00000000;0.92835668;0.89473298;0.86511296;0.77293278
q042,test,software_engineering,semantic,medium,Which services produced the greatest customer disruption and took longest to recover?,tbl_021,RRF,1,1,1,1,tbl_021;tbl_023;tbl_014;tbl_034;tbl_015,0.03088620;0.02970951;0.02904040;0.02806814;0.02769290
q042,test,software_engineering,semantic,medium,Which services produced the greatest customer disruption and took longest to recover?,tbl_021,Weighted a=0.8,1,1,1,1,tbl_021;tbl_007;tbl_002;tbl_023;tbl_014,0.81709168;0.74268534;0.71578639;0.70310449;0.62058122
q043,test,software_engineering,lexical,easy,"How do pull requests, first-review time, and merge time compare across engineering teams?",tbl_022,BM25,1,1,1,1,tbl_022;tbl_033;tbl_020;tbl_032;tbl_013,1.00000000;0.40587977;0.31933680;0.29667322;0.20345564
q043,test,software_engineering,lexical,easy,"How do pull requests, first-review time, and merge time compare across engineering teams?",tbl_022,Dense,1,1,1,1,tbl_022;tbl_024;tbl_019;tbl_020;tbl_012,1.00000000;0.75018794;0.64281333;0.62960838;0.57545040
q043,test,software_engineering,lexical,easy,"How do pull requests, first-review time, and merge time compare across engineering teams?",tbl_022,RRF,1,1,1,1,tbl_022;tbl_020;tbl_024;tbl_033;tbl_023,0.03278689;0.03149802;0.03062179;0.03062179;0.03030303
q043,test,software_engineering,lexical,easy,"How do pull requests, first-review time, and merge time compare across engineering teams?",tbl_022,Weighted a=0.8,1,1,1,1,tbl_022;tbl_024;tbl_020;tbl_019;tbl_023,1.00000000;0.61244884;0.56755407;0.51960026;0.49056768
q046,test,software_engineering,semantic,medium,Where did users experience the weakest application reliability or slowest responses?,tbl_023,BM25,2,0,1,1,tbl_029;tbl_023;tbl_026;tbl_021;tbl_020,1.00000000;0.61391773;0.23073243;0.01368430;0.01334319
q046,test,software_engineering,semantic,medium,Where did users experience the weakest application reliability or slowest responses?,tbl_023,Dense,1,1,1,1,tbl_023;tbl_022;tbl_019;tbl_027;tbl_020,1.00000000;0.69264492;0.69009375;0.68782000;0.67446449
q046,test,software_engineering,semantic,medium,Where did users experience the weakest application reliability or slowest responses?,tbl_023,RRF,1,1,1,1,tbl_023;tbl_021;tbl_027;tbl_020;tbl_026,0.03252247;0.03077652;0.03077652;0.03076923;0.02886003
q046,test,software_engineering,semantic,medium,Where did users experience the weakest application reliability or slowest responses?,tbl_023,Weighted a=0.8,1,1,1,1,tbl_023;tbl_022;tbl_019;tbl_027;tbl_020,0.92278355;0.55411593;0.55207500;0.55025600;0.54224023
q047,test,software_engineering,lexical,easy,Which repositories had the most successful and failed CI pipeline runs?,tbl_024,BM25,1,1,1,1,tbl_024;tbl_020;tbl_034;tbl_049;tbl_023,1.00000000;0.08228253;0.05024287;0.02989300;0.02596125
q047,test,software_engineering,lexical,easy,Which repositories had the most successful and failed CI pipeline runs?,tbl_024,Dense,1,1,1,1,tbl_024;tbl_019;tbl_025;tbl_023;tbl_020,1.00000000;0.70829686;0.65203660;0.58365372;0.54250316
q047,test,software_engineering,lexical,easy,Which repositories had the most successful and failed CI pipeline runs?,tbl_024,RRF,1,1,1,1,tbl_024;tbl_020;tbl_023;tbl_034;tbl_017,0.03278689;0.03151365;0.03100962;0.03015873;0.02761905
q047,test,software_engineering,lexical,easy,Which repositories had the most successful and failed CI pipeline runs?,tbl_024,Weighted a=0.8,1,1,1,1,tbl_024;tbl_019;tbl_025;tbl_023;tbl_020,1.00000000;0.56663749;0.52162928;0.47211523;0.45045903
q050,test,software_engineering,semantic,medium,Which codebases carried the largest unresolved vulnerability burden or fixed issues most slowly?,tbl_025,BM25,,0,0,0,tbl_019,1.00000000
q050,test,software_engineering,semantic,medium,Which codebases carried the largest unresolved vulnerability burden or fixed issues most slowly?,tbl_025,Dense,1,1,1,1,tbl_025;tbl_019;tbl_023;tbl_021;tbl_022,1.00000000;0.83707156;0.65721271;0.62156240;0.61736128
q050,test,software_engineering,semantic,medium,Which codebases carried the largest unresolved vulnerability burden or fixed issues most slowly?,tbl_025,RRF,2,0,1,1,tbl_019;tbl_025;tbl_023;tbl_021;tbl_022,0.03252247;0.01639344;0.01587302;0.01562500;0.01538462
q050,test,software_engineering,semantic,medium,Which codebases carried the largest unresolved vulnerability burden or fixed issues most slowly?,tbl_025,Weighted a=0.8,2,0,1,1,tbl_019;tbl_025;tbl_023;tbl_021;tbl_022,0.86965725;0.80000000;0.52577017;0.49724992;0.49388903
q051,test,software_engineering,lexical,easy,"How are compute, storage, and network costs distributed across applications each month?",tbl_026,BM25,1,1,1,1,tbl_026;tbl_024;tbl_049;tbl_023;tbl_044,1.00000000;0.31767747;0.16002773;0.14985284;0.14326087
q051,test,software_engineering,lexical,easy,"How are compute, storage, and network costs distributed across applications each month?",tbl_026,Dense,1,1,1,1,tbl_026;tbl_023;tbl_024;tbl_020;tbl_027,1.00000000;0.71182978;0.57364501;0.56363217;0.54362104
q051,test,software_engineering,lexical,easy,"How are compute, storage, and network costs distributed across applications each month?",tbl_026,RRF,1,1,1,1,tbl_026;tbl_024;tbl_023;tbl_044;tbl_057,0.03278689;0.03200205;0.03175403;0.02714932;0.02712050
q051,test,software_engineering,lexical,easy,"How are compute, storage, and network costs distributed across applications each month?",tbl_026,Weighted a=0.8,1,1,1,1,tbl_026;tbl_023;tbl_024;tbl_020;tbl_027,1.00000000;0.59943439;0.52245150;0.45160998;0.43535622
q054,test,software_engineering,semantic,medium,Where did customer problems take longest to resolve or return after closure?,tbl_027,BM25,,0,0,0,tbl_033;tbl_028;tbl_030;tbl_029;tbl_034,1.00000000;0.42021470;0.41587213;0.40977555;0.37686872
q054,test,software_engineering,semantic,medium,Where did customer problems take longest to resolve or return after closure?,tbl_027,Dense,4,0,0,1,tbl_016;tbl_021;tbl_023;tbl_027;tbl_002,1.00000000;0.91747438;0.91337160;0.88769085;0.86337985
q054,test,software_engineering,semantic,medium,Where did customer problems take longest to resolve or return after closure?,tbl_027,RRF,10,0,0,0,tbl_021;tbl_033;tbl_034;tbl_028;tbl_030,0.03105441;0.02750455;0.02602291;0.02547483;0.02539683
q054,test,software_engineering,semantic,medium,Where did customer problems take longest to resolve or return after closure?,tbl_027,Weighted a=0.8,4,0,0,1,tbl_016;tbl_021;tbl_023;tbl_027;tbl_002,0.80000000;0.73397951;0.73069728;0.71015268;0.69070388
q055,test,employment,lexical,easy,Which occupations and regions had the most advertised vacancies and what salaries were offered?,tbl_028,BM25,1,1,1,1,tbl_028;tbl_034;tbl_049;tbl_023;tbl_014,1.00000000;0.21737965;0.12305401;0.10482962;0.10027731
q055,test,employment,lexical,easy,Which occupations and regions had the most advertised vacancies and what salaries were offered?,tbl_028,Dense,1,1,1,1,tbl_028;tbl_029;tbl_030;tbl_032;tbl_031,1.00000000;0.90513609;0.84413817;0.79368256;0.75465313
q055,test,employment,lexical,easy,Which occupations and regions had the most advertised vacancies and what salaries were offered?,tbl_028,RRF,1,1,1,1,tbl_028;tbl_034;tbl_029;tbl_044;tbl_048,0.03278689;0.03128055;0.03083491;0.02797203;0.02722222
q055,test,employment,lexical,easy,Which occupations and regions had the most advertised vacancies and what salaries were offered?,tbl_028,Weighted a=0.8,1,1,1,1,tbl_028;tbl_029;tbl_030;tbl_034;tbl_032,1.00000000;0.74045284;0.67531053;0.63669993;0.63494605
q058,test,employment,semantic,medium,How does the pay range change with seniority and location for different occupations?,tbl_029,BM25,9,0,0,0,tbl_044;tbl_058;tbl_032;tbl_034;tbl_049,1.00000000;0.59255761;0.54303013;0.27877399;0.16586212
q058,test,employment,semantic,medium,How does the pay range change with seniority and location for different occupations?,tbl_029,Dense,1,1,1,1,tbl_029;tbl_028;tbl_032;tbl_030;tbl_004,1.00000000;0.85737003;0.83206064;0.79198246;0.69993974
q058,test,employment,semantic,medium,How does the pay range change with seniority and location for different occupations?,tbl_029,RRF,2,0,1,1,tbl_032;tbl_029;tbl_034;tbl_028;tbl_058,0.03174603;0.03088620;0.03077652;0.02964255;0.02964255
q058,test,employment,semantic,medium,How does the pay range change with seniority and location for different occupations?,tbl_029,Weighted a=0.8,1,1,1,1,tbl_029;tbl_032;tbl_028;tbl_030;tbl_034,0.82327666;0.77425454;0.68589603;0.63358597;0.61120397
q059,test,employment,lexical,easy,Which skills were mentioned most frequently in job advertisements for each occupation?,tbl_030,BM25,1,1,1,1,tbl_030;tbl_035;tbl_029;tbl_028;tbl_034,1.00000000;0.22231521;0.12354045;0.03298569;0.01682028
q059,test,employment,lexical,easy,Which skills were mentioned most frequently in job advertisements for each occupation?,tbl_030,Dense,1,1,1,1,tbl_030;tbl_028;tbl_031;tbl_029;tbl_034,1.00000000;0.71682156;0.55751096;0.54733601;0.51761271
q059,test,employment,lexical,easy,Which skills were mentioned most frequently in job advertisements for each occupation?,tbl_030,RRF,1,1,1,1,tbl_030;tbl_028;tbl_029;tbl_034;tbl_035,0.03278689;0.03175403;0.03149802;0.03076923;0.03062179
q059,test,employment,lexical,easy,Which skills were mentioned most frequently in job advertisements for each occupation?,tbl_030,Weighted a=0.8,1,1,1,1,tbl_030;tbl_028;tbl_029;tbl_031;tbl_034,1.00000000;0.58005438;0.46257690;0.44600877;0.41745422
q062,test,employment,semantic,medium,Where did staffing agencies complete the most permanent versus temporary hires?,tbl_031,BM25,1,1,1,1,tbl_031;tbl_004,1.00000000;0.00000000
q062,test,employment,semantic,medium,Where did staffing agencies complete the most permanent versus temporary hires?,tbl_031,Dense,1,1,1,1,tbl_031;tbl_033;tbl_004;tbl_028;tbl_034,1.00000000;0.75424316;0.73624785;0.70896006;0.67741976
q062,test,employment,semantic,medium,Where did staffing agencies complete the most permanent versus temporary hires?,tbl_031,RRF,1,1,1,1,tbl_031;tbl_004;tbl_033;tbl_028;tbl_034,0.03278689;0.03200205;0.01612903;0.01562500;0.01538462
q062,test,employment,semantic,medium,Where did staffing agencies complete the most permanent versus temporary hires?,tbl_031,Weighted a=0.8,1,1,1,1,tbl_031;tbl_033;tbl_004;tbl_028;tbl_034,1.00000000;0.60339453;0.58899828;0.56716805;0.54193581
q063,test,employment,lexical,easy,How many people were employed in each region and industry by quarter?,tbl_032,BM25,1,1,1,1,tbl_032;tbl_035;tbl_030;tbl_045;tbl_034,1.00000000;0.43447367;0.35514127;0.32254851;0.25444536
q063,test,employment,lexical,easy,How many people were employed in each region and industry by quarter?,tbl_032,Dense,1,1,1,1,tbl_032;tbl_035;tbl_030;tbl_028;tbl_034,1.00000000;0.76835591;0.73386798;0.69161608;0.65888060
q063,test,employment,lexical,easy,How many people were employed in each region and industry by quarter?,tbl_032,RRF,1,1,1,1,tbl_032;tbl_035;tbl_030;tbl_034;tbl_031,0.03278689;0.03225806;0.03174603;0.03076923;0.02985740
q063,test,employment,lexical,easy,How many people were employed in each region and industry by quarter?,tbl_032,Weighted a=0.8,1,1,1,1,tbl_032;tbl_035;tbl_030;tbl_028;tbl_034,1.00000000;0.70157946;0.65812264;0.58874253;0.57799355
q066,test,employment,semantic,medium,Which positions were hardest to fill and had the weakest offer acceptance or probation success?,tbl_033,BM25,1,1,1,1,tbl_033;tbl_043;tbl_004;tbl_034;tbl_049,1.00000000;0.13631006;0.13455784;0.05936336;0.03531941
q066,test,employment,semantic,medium,Which positions were hardest to fill and had the weakest offer acceptance or probation success?,tbl_033,Dense,1,1,1,1,tbl_033;tbl_031;tbl_035;tbl_028;tbl_030,1.00000000;0.70604022;0.61179603;0.58744462;0.58662083
q066,test,employment,semantic,medium,Which positions were hardest to fill and had the weakest offer acceptance or probation success?,tbl_033,RRF,1,1,1,1,tbl_033;tbl_004;tbl_034;tbl_043;tbl_028,0.03278689;0.03079839;0.03077652;0.03062179;0.02895833
q066,test,employment,semantic,medium,Which positions were hardest to fill and had the weakest offer acceptance or probation success?,tbl_033,Weighted a=0.8,1,1,1,1,tbl_033;tbl_031;tbl_035;tbl_028;tbl_030,1.00000000;0.56483217;0.48943682;0.46995569;0.46929666
q067,test,employment,lexical,easy,"What percentage of job postings were fully remote, hybrid, or onsite by occupation and region?",tbl_034,BM25,1,1,1,1,tbl_034;tbl_030;tbl_028;tbl_029;tbl_050,1.00000000;0.29550132;0.25004119;0.23946936;0.18047475
q067,test,employment,lexical,easy,"What percentage of job postings were fully remote, hybrid, or onsite by occupation and region?",tbl_034,Dense,1,1,1,1,tbl_034;tbl_028;tbl_030;tbl_032;tbl_031,1.00000000;0.85175718;0.76388475;0.75571810;0.72721979
q067,test,employment,lexical,easy,"What percentage of job postings were fully remote, hybrid, or onsite by occupation and region?",tbl_034,RRF,1,1,1,1,tbl_034;tbl_028;tbl_030;tbl_029;tbl_032,0.03278689;0.03200205;0.03200205;0.03077652;0.02951389
q067,test,employment,lexical,easy,"What percentage of job postings were fully remote, hybrid, or onsite by occupation and region?",tbl_034,Weighted a=0.8,1,1,1,1,tbl_034;tbl_028;tbl_030;tbl_032;tbl_031,1.00000000;0.73141398;0.67020806;0.61259473;0.58580896
q070,test,employment,semantic,medium,Which courses achieved the strongest completion and employment outcomes within ninety days?,tbl_035,BM25,1,1,1,1,tbl_035;tbl_016;tbl_034;tbl_018;tbl_029,1.00000000;0.47455556;0.45104834;0.44724193;0.28908613
q070,test,employment,semantic,medium,Which courses achieved the strongest completion and employment outcomes within ninety days?,tbl_035,Dense,1,1,1,1,tbl_035;tbl_033;tbl_005;tbl_030;tbl_031,1.00000000;0.59930328;0.56766160;0.55567481;0.53383276
q070,test,employment,semantic,medium,Which courses achieved the strongest completion and employment outcomes within ninety days?,tbl_035,RRF,1,1,1,1,tbl_035;tbl_033;tbl_034;tbl_030;tbl_032,0.03278689;0.03128055;0.03015873;0.03011775;0.02963126
q070,test,employment,semantic,medium,Which courses achieved the strongest completion and employment outcomes within ninety days?,tbl_035,Weighted a=0.8,1,1,1,1,tbl_035;tbl_033;tbl_030;tbl_034;tbl_005,1.00000000;0.52338252;0.47020172;0.45880433;0.45412928
q071,test,football,lexical,easy,"What were the home goals, away goals, and results for National League matches?",tbl_036,BM25,1,1,1,1,tbl_036;tbl_041;tbl_037;tbl_040;tbl_042,1.00000000;0.31130669;0.18512020;0.16953190;0.14910654
q071,test,football,lexical,easy,"What were the home goals, away goals, and results for National League matches?",tbl_036,Dense,1,1,1,1,tbl_036;tbl_037;tbl_042;tbl_041;tbl_043,1.00000000;0.78330940;0.70683463;0.70591944;0.65698644
q071,test,football,lexical,easy,"What were the home goals, away goals, and results for National League matches?",tbl_036,RRF,1,1,1,1,tbl_036;tbl_037;tbl_041;tbl_042;tbl_040,0.03278689;0.03200205;0.03175403;0.03125763;0.03077652
q071,test,football,lexical,easy,"What were the home goals, away goals, and results for National League matches?",tbl_036,Weighted a=0.8,1,1,1,1,tbl_036;tbl_037;tbl_041;tbl_042;tbl_040,1.00000000;0.66367156;0.62699689;0.59528901;0.54555684
q074,test,football,semantic,medium,Which clubs finished highest in the league table across the available seasons?,tbl_037,BM25,2,0,1,1,tbl_036;tbl_037;tbl_030;tbl_045;tbl_046,1.00000000;0.60766902;0.48669115;0.47444882;0.41584106
q074,test,football,semantic,medium,Which clubs finished highest in the league table across the available seasons?,tbl_037,Dense,1,1,1,1,tbl_037;tbl_036;tbl_038;tbl_041;tbl_040,1.00000000;0.74001171;0.72891575;0.69842752;0.65932035
q074,test,football,semantic,medium,Which clubs finished highest in the league table across the available seasons?,tbl_037,RRF,2,0,1,1,tbl_036;tbl_037;tbl_041;tbl_042;tbl_046,0.03252247;0.03252247;0.03055037;0.02985740;0.02908325
q074,test,football,semantic,medium,Which clubs finished highest in the league table across the available seasons?,tbl_037,Weighted a=0.8,1,1,1,1,tbl_037;tbl_036;tbl_038;tbl_041;tbl_042,0.92153380;0.79200937;0.58747125;0.57188195;0.53382865
q075,test,football,lexical,easy,"Which players recorded the most appearances, minutes, goals, and assists?",tbl_038,BM25,1,1,1,1,tbl_038;tbl_042;tbl_041;tbl_036;tbl_002,1.00000000;0.63208785;0.36456393;0.26117200;0.20420127
q075,test,football,lexical,easy,"Which players recorded the most appearances, minutes, goals, and assists?",tbl_038,Dense,2,0,1,1,tbl_042;tbl_038;tbl_041;tbl_043;tbl_039,1.00000000;0.97960926;0.86454230;0.81294117;0.76193074
q075,test,football,lexical,easy,"Which players recorded the most appearances, minutes, goals, and assists?",tbl_038,RRF,1,1,1,1,tbl_038;tbl_042;tbl_041;tbl_036;tbl_039,0.03252247;0.03252247;0.03174603;0.03077652;0.03030999
q075,test,football,lexical,easy,"Which players recorded the most appearances, minutes, goals, and assists?",tbl_038,Weighted a=0.8,1,1,1,1,tbl_038;tbl_042;tbl_041;tbl_043;tbl_039,0.98368741;0.92641757;0.76454663;0.65035294;0.64664991
q078,test,football,semantic,medium,Who had the poorest disciplinary record during the season?,tbl_039,BM25,4,0,0,1,tbl_041;tbl_037;tbl_042;tbl_039,1.00000000;0.95576107;0.02263598;0.00000000
q078,test,football,semantic,medium,Who had the poorest disciplinary record during the season?,tbl_039,Dense,1,1,1,1,tbl_039;tbl_043;tbl_042;tbl_037;tbl_038,1.00000000;0.82176265;0.74914763;0.71848861;0.70756207
q078,test,football,semantic,medium,Who had the poorest disciplinary record during the season?,tbl_039,RRF,1,1,1,1,tbl_039;tbl_037;tbl_042;tbl_041;tbl_043,0.03201844;0.03175403;0.03174603;0.03154496;0.01612903
q078,test,football,semantic,medium,Who had the poorest disciplinary record during the season?,tbl_039,Weighted a=0.8,1,1,1,1,tbl_039;tbl_037;tbl_041;tbl_043;tbl_042,0.80000000;0.76594310;0.72818478;0.65741012;0.60384530
q079,test,football,lexical,easy,"Which matches had the highest attendance, occupancy percentage, and away support?",tbl_040,BM25,1,1,1,1,tbl_040;tbl_036;tbl_034;tbl_029;tbl_028,1.00000000;0.54620989;0.44533531;0.41497019;0.38544695
q079,test,football,lexical,easy,"Which matches had the highest attendance, occupancy percentage, and away support?",tbl_040,Dense,1,1,1,1,tbl_040;tbl_036;tbl_043;tbl_046;tbl_003,1.00000000;0.66867681;0.61425784;0.49260529;0.48341281
q079,test,football,lexical,easy,"Which matches had the highest attendance, occupancy percentage, and away support?",tbl_040,RRF,1,1,1,1,tbl_040;tbl_036;tbl_043;tbl_046;tbl_003,0.03278689;0.03225806;0.02976190;0.02970951;0.02967033
q079,test,football,lexical,easy,"Which matches had the highest attendance, occupancy percentage, and away support?",tbl_040,Weighted a=0.8,1,1,1,1,tbl_040;tbl_036;tbl_043;tbl_046;tbl_003,1.00000000;0.64418343;0.52311390;0.43166963;0.42604311
q082,test,football,semantic,medium,Which clubs converted their attacking opportunities most efficiently?,tbl_041,BM25,,0,0,0,,
q082,test,football,semantic,medium,Which clubs converted their attacking opportunities most efficiently?,tbl_041,Dense,1,1,1,1,tbl_041;tbl_042;tbl_036;tbl_038;tbl_037,1.00000000;0.99809886;0.98357129;0.86037331;0.83654526
q082,test,football,semantic,medium,Which clubs converted their attacking opportunities most efficiently?,tbl_041,RRF,1,1,1,1,tbl_041;tbl_042;tbl_036;tbl_038;tbl_037,0.01639344;0.01612903;0.01587302;0.01562500;0.01538462
q082,test,football,semantic,medium,Which clubs converted their attacking opportunities most efficiently?,tbl_041,Weighted a=0.8,1,1,1,1,tbl_041;tbl_042;tbl_036;tbl_038;tbl_037,0.80000000;0.79847909;0.78685703;0.68829865;0.66923621
q083,test,football,lexical,easy,"Which goalkeepers made the most saves, conceded the fewest goals, and kept the most clean sheets?",tbl_042,BM25,1,1,1,1,tbl_042;tbl_041;tbl_036;tbl_038;tbl_034,1.00000000;0.15941451;0.11420386;0.06462595;0.04496906
q083,test,football,lexical,easy,"Which goalkeepers made the most saves, conceded the fewest goals, and kept the most clean sheets?",tbl_042,Dense,1,1,1,1,tbl_042;tbl_039;tbl_041;tbl_038;tbl_036,1.00000000;0.51357245;0.51112139;0.49354045;0.47751433
q083,test,football,lexical,easy,"Which goalkeepers made the most saves, conceded the fewest goals, and kept the most clean sheets?",tbl_042,RRF,1,1,1,1,tbl_042;tbl_041;tbl_036;tbl_038;tbl_014,0.03278689;0.03200205;0.03125763;0.03125000;0.02821940
q083,test,football,lexical,easy,"Which goalkeepers made the most saves, conceded the fewest goals, and kept the most clean sheets?",tbl_042,Weighted a=0.8,1,1,1,1,tbl_042;tbl_041;tbl_039;tbl_038;tbl_036,1.00000000;0.44078001;0.41085796;0.40775755;0.40485223
q086,test,football,semantic,medium,"Which clubs lost players for the greatest amount of time, and had those players returned to training?",tbl_043,BM25,1,1,1,1,tbl_043;tbl_033;tbl_050;tbl_035;tbl_017,1.00000000;0.71674298;0.60981130;0.39474205;0.35357468
q086,test,football,semantic,medium,"Which clubs lost players for the greatest amount of time, and had those players returned to training?",tbl_043,Dense,1,1,1,1,tbl_043;tbl_040;tbl_039;tbl_038;tbl_036,1.00000000;0.72411256;0.72380570;0.71025754;0.65725149
q086,test,football,semantic,medium,"Which clubs lost players for the greatest amount of time, and had those players returned to training?",tbl_043,RRF,1,1,1,1,tbl_043;tbl_033;tbl_035;tbl_037;tbl_032,0.03278689;0.03041475;0.03011775;0.02985740;0.02859477
q086,test,football,semantic,medium,"Which clubs lost players for the greatest amount of time, and had those players returned to training?",tbl_043,Weighted a=0.8,1,1,1,1,tbl_043;tbl_040;tbl_039;tbl_038;tbl_037,1.00000000;0.57929004;0.57904456;0.56820603;0.55690495
q087,test,tourism,lexical,easy,"How many domestic, international, and total visitors arrived in each destination region by month?",tbl_044,BM25,1,1,1,1,tbl_044;tbl_045;tbl_047;tbl_048;tbl_050,1.00000000;0.82331287;0.72084275;0.54533199;0.47245750
q087,test,tourism,lexical,easy,"How many domestic, international, and total visitors arrived in each destination region by month?",tbl_044,Dense,1,1,1,1,tbl_044;tbl_047;tbl_048;tbl_049;tbl_050,1.00000000;0.79432247;0.78253465;0.73627009;0.69731540
q087,test,tourism,lexical,easy,"How many domestic, international, and total visitors arrived in each destination region by month?",tbl_044,RRF,1,1,1,1,tbl_044;tbl_047;tbl_048;tbl_045;tbl_050,0.03278689;0.03200205;0.03149802;0.03128055;0.03076923
q087,test,tourism,lexical,easy,"How many domestic, international, and total visitors arrived in each destination region by month?",tbl_044,Weighted a=0.8,1,1,1,1,tbl_044;tbl_047;tbl_048;tbl_045;tbl_050,1.00000000;0.77962653;0.73509412;0.72187177;0.65234382
q090,test,tourism,semantic,medium,Where did tourists stay for the most nights and for the longest average visit?,tbl_045,BM25,1,1,1,1,tbl_045;tbl_051;tbl_001;tbl_060;tbl_048,1.00000000;0.38508676;0.32290408;0.19658644;0.17534853
q090,test,tourism,semantic,medium,Where did tourists stay for the most nights and for the longest average visit?,tbl_045,Dense,1,1,1,1,tbl_045;tbl_051;tbl_046;tbl_044;tbl_048,1.00000000;0.86275636;0.80191045;0.73444367;0.72255837
q090,test,tourism,semantic,medium,Where did tourists stay for the most nights and for the longest average visit?,tbl_045,RRF,1,1,1,1,tbl_045;tbl_051;tbl_048;tbl_001;tbl_044,0.03278689;0.03225806;0.03076923;0.02995752;0.02951389
q090,test,tourism,semantic,medium,Where did tourists stay for the most nights and for the longest average visit?,tbl_045,Weighted a=0.8,1,1,1,1,tbl_045;tbl_051;tbl_046;tbl_048;tbl_044,1.00000000;0.76722244;0.64372682;0.61311640;0.59824613
q091,test,tourism,lexical,easy,Which destinations and hotel categories had the highest room occupancy percentages and daily rates?,tbl_046,BM25,1,1,1,1,tbl_046;tbl_051;tbl_048;tbl_034;tbl_005,1.00000000;0.28479400;0.19731569;0.19473816;0.15361892
q091,test,tourism,lexical,easy,Which destinations and hotel categories had the highest room occupancy percentages and daily rates?,tbl_046,Dense,1,1,1,1,tbl_046;tbl_051;tbl_045;tbl_003;tbl_048,1.00000000;0.73337455;0.71581606;0.62360998;0.60651262
q091,test,tourism,lexical,easy,Which destinations and hotel categories had the highest room occupancy percentages and daily rates?,tbl_046,RRF,1,1,1,1,tbl_046;tbl_051;tbl_048;tbl_003;tbl_049,0.03278689;0.03225806;0.03125763;0.03077652;0.02963126
q091,test,tourism,lexical,easy,Which destinations and hotel categories had the highest room occupancy percentages and daily rates?,tbl_046,Weighted a=0.8,1,1,1,1,tbl_046;tbl_051;tbl_045;tbl_003;tbl_048,1.00000000;0.64365844;0.57265285;0.52607299;0.52467323
q094,test,tourism,semantic,medium,Which airports handled the greatest traveller volume and aircraft activity?,tbl_047,BM25,1,1,1,1,tbl_047;tbl_006;tbl_051;tbl_019;tbl_020,1.00000000;0.59866273;0.55806270;0.37822614;0.37782165
q094,test,tourism,semantic,medium,Which airports handled the greatest traveller volume and aircraft activity?,tbl_047,Dense,1,1,1,1,tbl_047;tbl_049;tbl_044;tbl_007;tbl_048,1.00000000;0.65027255;0.60426867;0.59197256;0.55479336
q094,test,tourism,semantic,medium,Which airports handled the greatest traveller volume and aircraft activity?,tbl_047,RRF,1,1,1,1,tbl_047;tbl_049;tbl_051;tbl_044;tbl_020,0.03278689;0.03105441;0.03057890;0.03015873;0.02871795
q094,test,tourism,semantic,medium,Which airports handled the greatest traveller volume and aircraft activity?,tbl_047,Weighted a=0.8,1,1,1,1,tbl_047;tbl_049;tbl_044;tbl_007;tbl_051,1.00000000;0.56080251;0.51520316;0.47357805;0.47020555
q095,test,tourism,lexical,easy,"What were average trip spend, daily spend, and total estimated visitor expenditure by origin and destination?",tbl_048,BM25,1,1,1,1,tbl_048;tbl_044;tbl_051;tbl_046;tbl_017,1.00000000;0.29488649;0.24310722;0.14248487;0.13909906
q095,test,tourism,lexical,easy,"What were average trip spend, daily spend, and total estimated visitor expenditure by origin and destination?",tbl_048,Dense,1,1,1,1,tbl_048;tbl_044;tbl_051;tbl_047;tbl_045,1.00000000;0.77151002;0.70028396;0.68182167;0.68038437
q095,test,tourism,lexical,easy,"What were average trip spend, daily spend, and total estimated visitor expenditure by origin and destination?",tbl_048,RRF,1,1,1,1,tbl_048;tbl_044;tbl_051;tbl_046;tbl_050,0.03278689;0.03225806;0.03174603;0.03077652;0.03007689
q095,test,tourism,lexical,easy,"What were average trip spend, daily spend, and total estimated visitor expenditure by origin and destination?",tbl_048,Weighted a=0.8,1,1,1,1,tbl_048;tbl_044;tbl_051;tbl_046;tbl_045,1.00000000;0.67618532;0.60884861;0.56726991;0.56320651
q098,test,tourism,semantic,medium,Which ports received the most transit and home-port cruise travellers?,tbl_049,BM25,1,1,1,1,tbl_049;tbl_012;tbl_034;tbl_023;tbl_014,1.00000000;0.15907716;0.08397425;0.04339077;0.04174929
q098,test,tourism,semantic,medium,Which ports received the most transit and home-port cruise travellers?,tbl_049,Dense,1,1,1,1,tbl_049;tbl_059;tbl_047;tbl_044;tbl_048,1.00000000;0.71534688;0.62532014;0.54343755;0.48143648
q098,test,tourism,semantic,medium,Which ports received the most transit and home-port cruise travellers?,tbl_049,RRF,1,1,1,1,tbl_049;tbl_044;tbl_034;tbl_023;tbl_048,0.03278689;0.03077652;0.02976190;0.02970951;0.02927350
q098,test,tourism,semantic,medium,Which ports received the most transit and home-port cruise travellers?,tbl_049,Weighted a=0.8,1,1,1,1,tbl_049;tbl_059;tbl_047;tbl_044;tbl_048,1.00000000;0.57227750;0.50025611;0.44257672;0.38626741
q099,test,tourism,lexical,easy,"How many paid, free-admission, and total visitors entered each museum?",tbl_050,BM25,1,1,1,1,tbl_050;tbl_048;tbl_044;tbl_026;tbl_045,1.00000000;0.22566088;0.14557331;0.07179858;0.06791160
q099,test,tourism,lexical,easy,"How many paid, free-admission, and total visitors entered each museum?",tbl_050,Dense,1,1,1,1,tbl_050;tbl_048;tbl_046;tbl_051;tbl_044,1.00000000;0.55426465;0.51859921;0.49699681;0.46093058
q099,test,tourism,lexical,easy,"How many paid, free-admission, and total visitors entered each museum?",tbl_050,RRF,1,1,1,1,tbl_050;tbl_048;tbl_044;tbl_047;tbl_045,0.03278689;0.03225806;0.03125763;0.03030303;0.03009050
q099,test,tourism,lexical,easy,"How many paid, free-admission, and total visitors entered each museum?",tbl_050,Weighted a=0.8,1,1,1,1,tbl_050;tbl_048;tbl_046;tbl_044;tbl_051,1.00000000;0.48854390;0.41487937;0.39785913;0.39759745
q102,test,tourism,semantic,medium,"Where were holiday rentals most occupied, expensive, or profitable?",tbl_051,BM25,,0,0,0,tbl_003,1.00000000
q102,test,tourism,semantic,medium,"Where were holiday rentals most occupied, expensive, or profitable?",tbl_051,Dense,1,1,1,1,tbl_051;tbl_046;tbl_045;tbl_048;tbl_050,1.00000000;0.88178708;0.74727459;0.71966391;0.62547861
q102,test,tourism,semantic,medium,"Where were holiday rentals most occupied, expensive, or profitable?",tbl_051,RRF,2,0,1,1,tbl_003;tbl_051;tbl_046;tbl_045;tbl_048,0.03131882;0.01639344;0.01612903;0.01587302;0.01562500
q102,test,tourism,semantic,medium,"Where were holiday rentals most occupied, expensive, or profitable?",tbl_051,Weighted a=0.8,1,1,1,1,tbl_051;tbl_046;tbl_003;tbl_045;tbl_048,0.80000000;0.70542966;0.61846182;0.59781967;0.57573112
q103,test,weather,lexical,easy,"What were the minimum, maximum, and average daily temperatures at each weather station?",tbl_052,BM25,2,0,1,1,tbl_060;tbl_052;tbl_054;tbl_056;tbl_059,1.00000000;0.97496255;0.77082943;0.64579111;0.49808724
q103,test,weather,lexical,easy,"What were the minimum, maximum, and average daily temperatures at each weather station?",tbl_052,Dense,1,1,1,1,tbl_052;tbl_060;tbl_054;tbl_058;tbl_059,1.00000000;0.89468380;0.87901973;0.84962839;0.78928254
q103,test,weather,lexical,easy,"What were the minimum, maximum, and average daily temperatures at each weather station?",tbl_052,RRF,1,1,1,1,tbl_052;tbl_060;tbl_054;tbl_056;tbl_059,0.03252247;0.03252247;0.03174603;0.03077652;0.03076923
q103,test,weather,lexical,easy,"What were the minimum, maximum, and average daily temperatures at each weather station?",tbl_052,Weighted a=0.8,1,1,1,1,tbl_052;tbl_060;tbl_054;tbl_056;tbl_059,0.99499251;0.91574704;0.85738167;0.75882483;0.73104348
q106,test,weather,semantic,medium,Which areas were unusually wet or dry compared with normal rainfall?,tbl_053,BM25,1,1,1,1,tbl_053;tbl_055,1.00000000;0.00000000
q106,test,weather,semantic,medium,Which areas were unusually wet or dry compared with normal rainfall?,tbl_053,Dense,1,1,1,1,tbl_053;tbl_056;tbl_060;tbl_055;tbl_057,1.00000000;0.75472592;0.69822820;0.66760640;0.60214148
q106,test,weather,semantic,medium,Which areas were unusually wet or dry compared with normal rainfall?,tbl_053,RRF,1,1,1,1,tbl_053;tbl_055;tbl_056;tbl_060;tbl_057,0.03278689;0.03175403;0.01612903;0.01587302;0.01538462
q106,test,weather,semantic,medium,Which areas were unusually wet or dry compared with normal rainfall?,tbl_053,Weighted a=0.8,1,1,1,1,tbl_053;tbl_056;tbl_060;tbl_055;tbl_057,1.00000000;0.60378074;0.55858256;0.53408512;0.48171318
q107,test,weather,lexical,easy,"What were the average wind speed, maximum gust, and prevailing direction at each station?",tbl_054,BM25,1,1,1,1,tbl_054;tbl_060;tbl_059;tbl_052;tbl_055,1.00000000;0.31574630;0.28785716;0.25107060;0.23293929
q107,test,weather,lexical,easy,"What were the average wind speed, maximum gust, and prevailing direction at each station?",tbl_054,Dense,1,1,1,1,tbl_054;tbl_059;tbl_052;tbl_060;tbl_056,1.00000000;0.66051146;0.58532065;0.54091016;0.50112948
q107,test,weather,lexical,easy,"What were the average wind speed, maximum gust, and prevailing direction at each station?",tbl_054,RRF,1,1,1,1,tbl_054;tbl_059;tbl_060;tbl_052;tbl_056,0.03278689;0.03200205;0.03175403;0.03149802;0.03030999
q107,test,weather,lexical,easy,"What were the average wind speed, maximum gust, and prevailing direction at each station?",tbl_054,Weighted a=0.8,1,1,1,1,tbl_054;tbl_059;tbl_052;tbl_060;tbl_055,1.00000000;0.58598060;0.51847064;0.49587739;0.43222835
q110,test,weather,semantic,medium,Where did extreme conditions provide the shortest warning before impact?,tbl_055,BM25,1,1,1,1,tbl_055;tbl_043;tbl_059;tbl_054;tbl_021,1.00000000;0.46724221;0.09401712;0.07104539;0.00000000
q110,test,weather,semantic,medium,Where did extreme conditions provide the shortest warning before impact?,tbl_055,Dense,1,1,1,1,tbl_055;tbl_015;tbl_013;tbl_012;tbl_021,1.00000000;0.77728471;0.70552829;0.67721656;0.64737317
q110,test,weather,semantic,medium,Where did extreme conditions provide the shortest warning before impact?,tbl_055,RRF,1,1,1,1,tbl_055;tbl_059;tbl_021;tbl_054;tbl_043,0.03278689;0.03102453;0.03076923;0.02844551;0.02749267
q110,test,weather,semantic,medium,Where did extreme conditions provide the shortest warning before impact?,tbl_055,Weighted a=0.8,1,1,1,1,tbl_055;tbl_015;tbl_013;tbl_012;tbl_059,1.00000000;0.62182776;0.56442263;0.54177324;0.52039012
q111,test,weather,lexical,easy,"What were the average, minimum, and maximum relative humidity levels by city and month?",tbl_056,BM25,1,1,1,1,tbl_056;tbl_060;tbl_058;tbl_059;tbl_052,1.00000000;0.34418541;0.26966225;0.19941390;0.17712599
q111,test,weather,lexical,easy,"What were the average, minimum, and maximum relative humidity levels by city and month?",tbl_056,Dense,1,1,1,1,tbl_056;tbl_058;tbl_053;tbl_054;tbl_057,1.00000000;0.72438925;0.71282246;0.68408007;0.68182102
q111,test,weather,lexical,easy,"What were the average, minimum, and maximum relative humidity levels by city and month?",tbl_056,RRF,1,1,1,1,tbl_056;tbl_058;tbl_060;tbl_054;tbl_059,0.03278689;0.03200205;0.03128055;0.03077652;0.03033088
q111,test,weather,lexical,easy,"What were the average, minimum, and maximum relative humidity levels by city and month?",tbl_056,Weighted a=0.8,1,1,1,1,tbl_056;tbl_058;tbl_053;tbl_054;tbl_060,1.00000000;0.63344385;0.59463469;0.58065441;0.57330131
q114,test,weather,semantic,medium,Where were skies clearest and solar-energy exposure strongest?,tbl_057,BM25,,0,0,0,tbl_034;tbl_049;tbl_023;tbl_014;tbl_044,1.00000000;0.59496988;0.51671516;0.49716774;0.46601662
q114,test,weather,semantic,medium,Where were skies clearest and solar-energy exposure strongest?,tbl_057,Dense,1,1,1,1,tbl_057;tbl_055;tbl_052;tbl_054;tbl_060,1.00000000;0.59170402;0.57419474;0.56306066;0.55443494
q114,test,weather,semantic,medium,Where were skies clearest and solar-energy exposure strongest?,tbl_057,RRF,13,0,0,0,tbl_060;tbl_034;tbl_023;tbl_015;tbl_049,0.03053613;0.02938046;0.02869353;0.02779923;0.02749267
q114,test,weather,semantic,medium,Where were skies clearest and solar-energy exposure strongest?,tbl_057,Weighted a=0.8,1,1,1,1,tbl_057;tbl_060;tbl_034;tbl_055;tbl_052,0.80000000;0.53287727;0.48521458;0.47336322;0.45935579
q115,test,weather,lexical,easy,What were the monthly heating degree days and average temperatures for each city?,tbl_058,BM25,1,1,1,1,tbl_058;tbl_056;tbl_054;tbl_001;tbl_023,1.00000000;0.48556529;0.20826240;0.17153359;0.16098908
q115,test,weather,lexical,easy,What were the monthly heating degree days and average temperatures for each city?,tbl_058,Dense,1,1,1,1,tbl_058;tbl_057;tbl_056;tbl_053;tbl_052,1.00000000;0.72514710;0.68865675;0.62556393;0.62184462
q115,test,weather,lexical,easy,What were the monthly heating degree days and average temperatures for each city?,tbl_058,RRF,1,1,1,1,tbl_058;tbl_056;tbl_057;tbl_054;tbl_053,0.03278689;0.03200205;0.03105441;0.03102453;0.03077652
q115,test,weather,lexical,easy,What were the monthly heating degree days and average temperatures for each city?,tbl_058,Weighted a=0.8,1,1,1,1,tbl_058;tbl_056;tbl_057;tbl_053;tbl_054,1.00000000;0.64803846;0.60866303;0.52899649;0.52122791
q118,test,weather,semantic,medium,Which ports experienced the roughest marine conditions and longest service disruption?,tbl_059,BM25,1,1,1,1,tbl_059;tbl_023;tbl_054;tbl_007;tbl_026,1.00000000;0.28864687;0.17419554;0.10454826;0.10373596
q118,test,weather,semantic,medium,Which ports experienced the roughest marine conditions and longest service disruption?,tbl_059,Dense,1,1,1,1,tbl_059;tbl_049;tbl_020;tbl_023;tbl_021,1.00000000;0.60274249;0.55876090;0.55589907;0.54126847
q118,test,weather,semantic,medium,Which ports experienced the roughest marine conditions and longest service disruption?,tbl_059,RRF,1,1,1,1,tbl_059;tbl_023;tbl_020;tbl_007;tbl_049,0.03278689;0.03175403;0.03079839;0.03077652;0.03062179
q118,test,weather,semantic,medium,Which ports experienced the roughest marine conditions and longest service disruption?,tbl_059,Weighted a=0.8,1,1,1,1,tbl_059;tbl_023;tbl_049;tbl_020;tbl_021,1.00000000;0.50244863;0.49101553;0.45833793;0.43301478
q119,test,weather,lexical,easy,How much new snow and average snow depth were measured at each mountain station by week?,tbl_060,BM25,1,1,1,1,tbl_060;tbl_054;tbl_052;tbl_007;tbl_025,1.00000000;0.15882714;0.14248393;0.10946529;0.09264953
q119,test,weather,lexical,easy,How much new snow and average snow depth were measured at each mountain station by week?,tbl_060,Dense,1,1,1,1,tbl_060;tbl_053;tbl_056;tbl_057;tbl_054,1.00000000;0.43263251;0.39164375;0.39127630;0.38638282
q119,test,weather,lexical,easy,How much new snow and average snow depth were measured at each mountain station by week?,tbl_060,RRF,1,1,1,1,tbl_060;tbl_054;tbl_052;tbl_056;tbl_059,0.03278689;0.03151365;0.03102453;0.02995752;0.02921109
q119,test,weather,lexical,easy,How much new snow and average snow depth were measured at each mountain station by week?,tbl_060,Weighted a=0.8,1,1,1,1,tbl_060;tbl_053;tbl_054;tbl_052;tbl_056,1.00000000;0.34680864;0.34087169;0.32373738;0.32199236
